"code","iso","country","TCL.ind.1995","TCL.ind.1996","TCL.ind.1997","TCL.ind.1998","TCL.ind.1999","TCL.ind.2000","TCL.ind.2001","TCL.ind.2002","TCL.ind.2003","TCL.ind.2004","TCL.ind.2005","TCL.ind.2006","TCL.ind.2007","TCL.ind.2008","TCL.ind.2009","TCL.ind.2010","TCL.ind.2011","TCL.ind.2012","TCL.ind.2013","TCL.ind.2014","TCL.ind.2015","TCL.ind.2016","TCL.ind.2017","TCL.ind.2018","TCL.ind.2019","TCL.ind.2020","TCL.ind.2021","TCL.ind.2022"
4,"AFG","Afghanistan",33.4465250296614,33.4465250296614,33.4465250296614,33.4465250296614,33.4465250296614,33.4465250296614,33.4465250296614,33.4465250296614,33.4465250296614,33.4465250296614,33.4465250296614,33.4465250296614,32.7412163368773,34.088540057414,35.5830813028291,37.6036047576315,38.2028018621555,42.3320356363449,45.2430323017572,47.6807827405977,52.0872983945173,64.5859891930107,84.5709200639993,68.2059261000074,64.3710885019708,58.3210188742466,58.3210188742466,58.3210188742466
8,"ALB","Albania",24.6364466935968,24.6364466935968,24.6364466935968,24.6364466935968,24.6364466935968,24.6364466935968,24.6364466935968,24.6364466935968,24.6364466935968,24.6364466935968,24.6364466935968,24.6364466935968,19.4121331413531,15.6566623388391,16.9610732800299,16.99087118508,16.8083869204926,16.6095075618996,18.8059578651955,19.0004362126928,19.3108275491792,19.475271807984,23.5652035314862,24.2775593289003,24.196867302945,22.9143147658489,22.9143147658489,22.9143147658489
12,"DZA","Algeria",18.9954360498318,18.9954360498318,18.9954360498318,18.9954360498318,18.9954360498318,18.9954360498318,18.9954360498318,18.9954360498318,18.9954360498318,18.9954360498318,18.9954360498318,18.9954360498318,17.9996272135892,16.3472283706122,14.3373310684481,14.9123428306858,14.0265280602796,12.399427298366,12.5047271457901,12.5379223886684,11.683415553775,11.6386082749633,5.51220088746086,5.68376680214898,6.13754409553134,5.14573655490261,5.14573655490261,5.14573655490261
20,"AND","Andorra",41.1173188513968,41.1173188513968,41.1173188513968,41.1173188513968,41.1173188513968,41.1173188513968,41.1173188513968,41.1173188513968,41.1173188513968,41.1173188513968,41.1173188513968,41.1173188513968,40.8174384092833,39.4389066896847,46.6573834037352,47.1992482991436,51.2572665900757,47.1992482991436,48.3791282985905,49.7157594944825,49.0252918429368,49.0252918429368,52.1265672792832,44.7414897117214,42.0745560495584,35.8017380923679,35.8017380923679,35.8017380923679
24,"AGO","Angola",28.2329525647658,28.2329525647658,28.2329525647658,28.2329525647658,28.2329525647658,28.2329525647658,28.2329525647658,28.2329525647658,28.2329525647658,28.2329525647658,28.2329525647658,28.2329525647658,25.9443661260966,24.732785389545,22.8338653678412,21.8864849390936,20.3202142484227,19.9091483706524,19.0485607540552,18.5699305666279,18.4397403614578,17.9086992094392,16.7617078589243,16.0897191590756,16.3674010232138,15.5270186688328,15.5270186688328,15.5270186688328
660,"AIA","Anguilla",28.5416354625398,28.5416354625398,28.5416354625398,28.5416354625398,28.5416354625398,28.5416354625398,28.5416354625398,28.5416354625398,28.5416354625398,28.5416354625398,28.5416354625398,28.5416354625398,23.8099685916272,20.302674139342,22.6240064201581,24.2384856695998,24.2384856695998,27.8919989461161,36.2098575902619,39.5923079902596,39.5923079902596,41.8339874838195,44.7216596348769,55.7059991495557,55.7059991495557,55.7059991495557,55.7059991495557,55.7059991495557
28,"ATG","Antigua and Barbuda",24.130502122957,24.130502122957,24.130502122957,24.130502122957,24.130502122957,24.130502122957,24.130502122957,24.130502122957,24.130502122957,24.130502122957,24.130502122957,24.130502122957,23.1358872130568,21.7850774907893,20.3266309607409,22.0500833172797,23.7525449993676,23.9667811341639,25.35771715804,27.9679183064266,28.8072153098829,29.8191565933422,26.473829075464,19.5641818497685,19.5992098418446,19.3908458510785,19.3908458510785,19.3908458510785
32,"ARG","Argentina",10.1278683247406,10.1278683247406,10.1278683247406,10.1278683247406,10.1278683247406,10.1278683247406,10.1278683247406,10.1278683247406,10.1278683247406,10.1278683247406,10.1278683247406,10.1278683247406,8.16128707723674,6.42269759766013,7.04170288035263,6.82984994382051,5.97629322871998,5.7441522899305,6.7314481028238,7.05635779657528,8.28108588711635,9.9135070356154,11.6617812357264,13.4255802907787,14.378672841695,14.184098367135,14.184098367135,14.184098367135
51,"ARM","Armenia",37.1020934342874,37.1020934342874,37.1020934342874,37.1020934342874,37.1020934342874,37.1020934342874,37.1020934342874,37.1020934342874,37.1020934342874,37.1020934342874,37.1020934342874,37.1020934342874,38.5302693270997,43.1302197588183,40.9264458376033,39.997433444404,39.356429547139,37.4932601986541,38.3626311645692,40.7304270742272,43.7438579085049,47.5092478944599,53.9448452756343,56.4554202570004,59.9151071807405,58.2194219763233,58.2194219763233,58.2194219763233
533,"ABW","Aruba",17.0965655480959,17.0965655480959,17.0965655480959,17.0965655480959,17.0965655480959,17.0965655480959,17.0965655480959,17.0965655480959,17.0965655480959,17.0965655480959,17.0965655480959,17.0965655480959,24.0766272574498,100,100,100,100,100,100,100,100,100,100,100,100,100,100,100
36,"AUS","Australia",12.4243998581398,12.4243998581398,12.4243998581398,12.4243998581398,12.4243998581398,12.4243998581398,12.4243998581398,12.4243998581398,12.4243998581398,12.4243998581398,12.4243998581398,12.4243998581398,11.9901500479707,13.5346315882964,12.8260261362229,11.8401743745326,12.523340846093,14.5938701990441,14.3605080748862,13.6732428080258,14.3506972434514,11.739040568011,10.9377247385799,10.773469917282,4.40149971488923,0,0,0
40,"AUT","Austria",17.8822486056988,17.8822486056988,17.8822486056988,17.8822486056988,17.8822486056988,17.8822486056988,17.8822486056988,17.8822486056988,17.8822486056988,17.8822486056988,17.8822486056988,17.8822486056988,15.3973434422453,14.1604266780436,14.0403793694599,14.5090101866737,13.9888520596676,16.0829494909409,18.541156354862,19.4481263607107,20.9430480815051,21.1000364779344,19.8245250877378,17.1429072559815,14.5173545971234,12.9033167342069,12.9033167342069,12.9033167342069
31,"AZE","Azerbaijan",36.7342213761539,36.7342213761539,36.7342213761539,36.7342213761539,36.7342213761539,36.7342213761539,36.7342213761539,36.7342213761539,36.7342213761539,36.7342213761539,36.7342213761539,36.7342213761539,38.7478503937128,40.9176882462489,41.8872836738376,40.5431077995437,42.2340018419449,41.785091038149,43.37910892127,43.5869691162965,47.0715570407308,48.0985250456023,54.1662994986794,55.5527794623412,64.4516217243784,64.584035938241,64.584035938241,64.584035938241
44,"BHS","Bahamas",20.9460826839833,20.9460826839833,20.9460826839833,20.9460826839833,20.9460826839833,20.9460826839833,20.9460826839833,20.9460826839833,20.9460826839833,20.9460826839833,20.9460826839833,20.9460826839833,21.1765503067545,17.6293260657446,17.2173443092737,19.1995978791073,20.0781193946393,20.6339577689938,21.4696440893746,20.9932491855846,19.2979509763183,14.9357920706389,10.9180083889255,11.5555701134671,10.9180083889255,9.43629413070747,9.43629413070747,9.43629413070747
48,"BHR","Bahrain",NA,NA,NA,NA,NA,NA,NA,NA,NA,NA,NA,NA,NA,NA,NA,NA,NA,NA,NA,NA,NA,NA,NA,NA,NA,NA,NA,NA
50,"BGD","Bangladesh",23.7130044716115,23.7130044716115,23.7130044716115,23.7130044716115,23.7130044716115,23.7130044716115,23.7130044716115,23.7130044716115,23.7130044716115,23.7130044716115,23.7130044716115,23.7130044716115,23.7052203223617,22.6244182815662,22.0496408387716,21.4883182097901,22.5943208379381,21.9862968969252,21.2415992168708,18.8105320499071,16.4809287885817,12.8349674190291,9.40456486596912,7.84338636321343,6.83200365022111,6.01803153621573,6.01803153621573,6.01803153621573
52,"BRB","Barbados",27.2714594134317,27.2714594134317,27.2714594134317,27.2714594134317,27.2714594134317,27.2714594134317,27.2714594134317,27.2714594134317,27.2714594134317,27.2714594134317,27.2714594134317,27.2714594134317,22.745625550515,20.9968941114119,20.1572263495917,19.1365546608433,17.5667951202621,11.2286001631296,11.739424717204,12.4634972716021,13.5177594261025,13.728333074722,26.4866299701917,22.745625550515,16.3001300405946,14.5404335879662,14.5404335879662,14.5404335879662
112,"BLR","Belarus",16.8477146585036,16.8477146585036,16.8477146585036,16.8477146585036,16.8477146585036,16.8477146585036,16.8477146585036,16.8477146585036,16.8477146585036,16.8477146585036,16.8477146585036,16.8477146585036,16.4379561696792,16.2314605477792,16.3991831834006,16.4236889185806,16.2533875850753,15.8818341842426,16.2932933085051,16.3909727530052,16.482324611719,14.2061683858446,12.5856706041117,10.54789104118,9.33778816878058,8.42017421087965,8.42017421087965,8.42017421087965
56,"BEL","Belgium",15.7350557871494,15.7350557871494,15.7350557871494,15.7350557871494,15.7350557871494,15.7350557871494,15.7350557871494,15.7350557871494,15.7350557871494,15.7350557871494,15.7350557871494,15.7350557871494,13.9700623524983,11.8413761587696,11.7041255866584,9.23243989927531,9.77656504743861,9.8802955166004,11.1056272018337,11.4216388548328,14.4103052349372,14.634296092886,15.3530840730033,14.6876192621624,14.0526402979567,13.1889625637772,13.1889625637772,13.1889625637772
84,"BLZ","Belize",15.6280398936961,15.6280398936961,15.6280398936961,15.6280398936961,15.6280398936961,15.6280398936961,15.6280398936961,15.6280398936961,15.6280398936961,15.6280398936961,15.6280398936961,15.6280398936961,15.9657817977319,15.5873517493255,14.09267792707,13.7134296838973,9.67199579018228,9.78397280746867,8.61171832178836,7.80022992927746,7.48868276597955,8.22312151764145,7.60273238099687,8.25915527414367,8.00193190389126,6.33236095026918,6.33236095026918,6.33236095026918
204,"BEN","Benin",13.6171283105348,13.6171283105348,13.6171283105348,13.6171283105348,13.6171283105348,13.6171283105348,13.6171283105348,13.6171283105348,13.6171283105348,13.6171283105348,13.6171283105348,13.6171283105348,12.0102692412761,14.8034340165369,10.2063347402876,11.3393535618076,12.1003955003489,13.6774459193558,11.8813182894072,14.3401525523972,13.4051351288947,11.2773367894714,10.5247655849297,9.34291039489231,10.2681424886154,8.65074812611198,8.65074812611198,8.65074812611198
60,"BMU","Bermuda",35.1027585380412,35.1027585380412,35.1027585380412,35.1027585380412,35.1027585380412,35.1027585380412,35.1027585380412,35.1027585380412,35.1027585380412,35.1027585380412,35.1027585380412,35.1027585380412,42.0694702450325,42.0694702450325,100,42.0694702450325,42.0694702450325,35.1027585380412,28.128038333546,25.8817019159998,28.128038333546,28.128038333546,31.023463948065,42.0694702450325,100,100,100,100
64,"BTN","Bhutan",44.2488670929679,44.2488670929679,44.2488670929679,44.2488670929679,44.2488670929679,44.2488670929679,44.2488670929679,44.2488670929679,44.2488670929679,44.2488670929679,44.2488670929679,44.2488670929679,43.3865829673366,42.7527080448517,42.3253926108966,35.6730596152051,35.0470915494743,34.7153005656799,35.0483455877822,34.9472709158361,40.9491695966636,39.0625510290562,36.9487761641386,35.8087385035777,36.3848112801224,35.5933151053745,35.5933151053745,35.5933151053745
68,"BOL","Bolivia",18.6829536501425,18.6829536501425,18.6829536501425,18.6829536501425,18.6829536501425,18.6829536501425,18.6829536501425,18.6829536501425,18.6829536501425,18.6829536501425,18.6829536501425,18.6829536501425,18.5776600710055,16.7315840193466,16.5568827428527,15.0610487603845,14.3007174990349,13.7754418415964,15.0044749716316,14.7831539356985,16.9139383132963,15.794195788829,14.4653701469033,13.6967171672112,10.6105600095213,9.49978986397905,9.49978986397905,9.49978986397905
70,"BIH","Bosnia and Herzegovina",38.0051610855788,38.0051610855788,38.0051610855788,38.0051610855788,38.0051610855788,38.0051610855788,38.0051610855788,38.0051610855788,38.0051610855788,38.0051610855788,38.0051610855788,38.0051610855788,35.1558381900664,33.734941994251,37.257971355373,36.7697264887225,36.1733517383593,36.5033456936903,35.1271321699537,34.5492277269003,34.9097287702997,33.3863291950391,34.5785931002702,34.4638780438744,35.1116171619728,33.6985999371002,33.6985999371002,33.6985999371002
72,"BWA","Botswana",31.3791058358536,31.3791058358536,31.3791058358536,31.3791058358536,31.3791058358536,31.3791058358536,31.3791058358536,31.3791058358536,31.3791058358536,31.3791058358536,31.3791058358536,31.3791058358536,30.7952548197556,30.3835932780617,30.9434047768841,32.6340668213013,33.4477765916061,34.8851739651893,34.7598344366245,36.7124340011227,39.4294902593164,42.33587758391,45.0485688947386,51.1621105760541,64.739451359148,60.7567054637169,60.7567054637169,60.7567054637169
76,"BRA","Brazil",11.3522453959388,11.3522453959388,11.3522453959388,11.3522453959388,11.3522453959388,11.3522453959388,11.3522453959388,11.3522453959388,11.3522453959388,11.3522453959388,11.3522453959388,11.3522453959388,11.8884663503611,12.4034461841718,13.8382365139343,14.4529636450716,15.2493739836244,14.9732279619735,15.38036750081,14.5931078189106,14.951842056,12.3525723553233,11.3451611567234,10.7648456065837,10.7719107702455,10.1904717306529,10.1904717306529,10.1904717306529
92,"VGB","British Virgin Islands",39.9128414205835,39.9128414205835,39.9128414205835,39.9128414205835,39.9128414205835,39.9128414205835,39.9128414205835,39.9128414205835,39.9128414205835,39.9128414205835,39.9128414205835,39.9128414205835,38.0804512220021,35.6157833848708,34.7771501637774,34.7771501637774,30.8327684630218,32.2936873517382,33.6371447159186,35.1877425289386,37.021209006875,46.2228181609003,12.1328309820272,12.0061331523344,12.0061331523344,12.0061331523344,12.0061331523344,12.0061331523344
96,"BRN","Brunei Darussalam",22.9886858635445,22.9886858635445,22.9886858635445,22.9886858635445,22.9886858635445,22.9886858635445,22.9886858635445,22.9886858635445,22.9886858635445,22.9886858635445,22.9886858635445,22.9886858635445,22.131889105035,21.3058092989126,19.8724665076012,20.3088211349443,18.2337260238466,17.9212076898026,18.3936976665343,18.3063393577041,17.3901552943891,17.4094920179641,18.4103104716572,18.5009754394845,19.851890786014,20.7140536375167,20.7140536375167,20.7140536375167
100,"BGR","Bulgaria",26.8505790340602,26.8505790340602,26.8505790340602,26.8505790340602,26.8505790340602,26.8505790340602,26.8505790340602,26.8505790340602,26.8505790340602,26.8505790340602,26.8505790340602,26.8505790340602,25.3096278424135,24.9523750521557,25.5498936550919,26.4828623839419,27.1051285401597,26.9533324527412,27.9270611891676,27.6884961118834,26.3896080530389,25.134253957815,25.7541840184325,24.0372633816772,24.7162325693431,25.4129427178039,25.4129427178039,25.4129427178039
854,"BFA","Burkina Faso",3.72760059388806,3.72760059388806,3.72760059388806,3.72760059388806,3.72760059388806,3.72760059388806,3.72760059388806,3.72760059388806,3.72760059388806,3.72760059388806,3.72760059388806,3.72760059388806,3.64920902406064,1.70260188048368,1.57468401468158,0,0,0,0,0,4.50442130723236,10.1733258338258,7.3881096024551,5.86773520594632,5.43902740324233,3.53275370721097,3.53275370721097,3.53275370721097
108,"BDI","Burundi",29.1042385826255,29.1042385826255,29.1042385826255,29.1042385826255,29.1042385826255,29.1042385826255,29.1042385826255,29.1042385826255,29.1042385826255,29.1042385826255,29.1042385826255,29.1042385826255,27.1388159332631,25.5978915908499,25.0761650042754,23.8725945621554,23.112701710483,24.5536291999895,25.2745817830781,23.3369460754813,23.6477604810515,22.5095222825595,21.1146089814539,19.3640515055842,18.9944169416074,18.4621486011782,18.4621486011782,18.4621486011782
132,"CPV","Cabo Verde",NA,NA,NA,NA,NA,NA,NA,NA,NA,NA,NA,NA,NA,NA,NA,NA,NA,NA,NA,NA,NA,NA,NA,NA,NA,NA,NA,NA
116,"KHM","Cambodia",10.2007397622803,10.2007397622803,10.2007397622803,10.2007397622803,10.2007397622803,10.2007397622803,10.2007397622803,10.2007397622803,10.2007397622803,10.2007397622803,10.2007397622803,10.2007397622803,9.56631072766368,8.85968920397558,7.82123683739665,4.39084244590391,2.66430660004205,1.07645199660969,0,0,0.337872478091739,0.392874423203779,1.28551560871685,2.27975534518514,2.50034243796171,2.32623035959173,2.32623035959173,2.32623035959173
120,"CMR","Cameroon",32.1015537914827,32.1015537914827,32.1015537914827,32.1015537914827,32.1015537914827,32.1015537914827,32.1015537914827,32.1015537914827,32.1015537914827,32.1015537914827,32.1015537914827,32.1015537914827,30.7992789446748,30.0193352909716,29.2735385659749,27.5518247529884,27.9871531926024,27.8348187892564,25.7846546788947,21.3153381210747,20.8490869268668,18.9723815638383,16.6292659583351,16.0981814994552,17.0261780067467,15.2236460377585,15.2236460377585,15.2236460377585
124,"CAN","Canada",12.7905441919515,12.7905441919515,12.7905441919515,12.7905441919515,12.7905441919515,12.7905441919515,12.7905441919515,12.7905441919515,12.7905441919515,12.7905441919515,12.7905441919515,12.7905441919515,12.9622167413834,12.6616379508994,13.6650691179742,14.4310790545217,14.6828878626248,14.2443867730657,13.4018124430501,12.4358117962818,11.9419933395652,12.007893549251,11.992259097978,12.5750916411689,13.0222225749378,14.4539964764075,14.4539964764075,14.4539964764075
136,"CYM","Cayman Islands",27.8553448202767,27.8553448202767,27.8553448202767,27.8553448202767,27.8553448202767,27.8553448202767,27.8553448202767,27.8553448202767,27.8553448202767,27.8553448202767,27.8553448202767,27.8553448202767,26.5546164603387,24.1266279189126,25.4939041666339,23.0657684895261,21.534124039656,22.1060577669853,23.1379487234718,24.959196894282,29.2159609994663,25.5858478591823,20.7043632659127,19.3241542458938,19.1764159170005,18.745772232631,18.745772232631,18.745772232631
140,"CAF","Central African Republic",35.3580933599248,35.3580933599248,35.3580933599248,35.3580933599248,35.3580933599248,35.3580933599248,35.3580933599248,35.3580933599248,35.3580933599248,35.3580933599248,35.3580933599248,35.3580933599248,35.1490299588347,33.959910890463,32.1908014875758,31.3068782181206,31.8016121528542,30.9344013981461,30.3126993766249,29.7679442799355,30.4809920778228,30.3534840702063,29.9299671278132,30.017935429211,30.2990115569125,29.2188698010847,29.2188698010847,29.2188698010847
148,"TCD","Chad",15.9646092401396,15.9646092401396,15.9646092401396,15.9646092401396,15.9646092401396,15.9646092401396,15.9646092401396,15.9646092401396,15.9646092401396,15.9646092401396,15.9646092401396,15.9646092401396,17.7250210327513,13.1047973717964,12.4363010295642,12.7083021656872,15.7371631636063,13.7259730754205,14.183148922032,11.7297704529511,9.58622210041787,7.83847254049969,5.72075507108644,4.42904947613361,3.70559925608207,3.58750508554073,3.58750508554073,3.58750508554073
152,"CHL","Chile",15.0158653498794,15.0158653498794,15.0158653498794,15.0158653498794,15.0158653498794,15.0158653498794,15.0158653498794,15.0158653498794,15.0158653498794,15.0158653498794,15.0158653498794,15.0158653498794,14.0763368377823,13.2810041901746,13.227684523851,13.5245173865719,13.3792591876538,12.4011093767123,12.750190152301,12.1813116246279,11.9097849070498,11.6390997880941,10.9293736151824,11.3074529304775,11.9544341703738,12.5575976809356,12.5575976809356,12.5575976809356
156,"CHN","China",21.8552108404462,21.8552108404462,21.8552108404462,21.8552108404462,21.8552108404462,21.8552108404462,21.8552108404462,21.8552108404462,21.8552108404462,21.8552108404462,21.8552108404462,21.8552108404462,19.9807860170599,18.1493691549306,17.8100716154941,17.0075614153947,16.9343544309239,17.0656713068947,17.982084355231,18.1432270939802,18.5573449240253,17.9900078166664,17.7210948160285,17.2221291799964,17.2832806980771,17.4699702500787,17.4699702500787,17.4699702500787
170,"COL","Colombia",21.8497524242838,21.8497524242838,21.8497524242838,21.8497524242838,21.8497524242838,21.8497524242838,21.8497524242838,21.8497524242838,21.8497524242838,21.8497524242838,21.8497524242838,21.8497524242838,20.9564724818003,19.9365661407315,20.07862715072,20.004751522683,20.0075424245145,20.381807167475,21.2781506837702,21.6375576517635,22.237506787306,21.150551490957,19.3290007332985,17.6767080935738,17.2126409146387,16.0345439719967,16.0345439719967,16.0345439719967
174,"COM","Comoros",42.529161664528,42.529161664528,42.529161664528,42.529161664528,42.529161664528,42.529161664528,42.529161664528,42.529161664528,42.529161664528,42.529161664528,42.529161664528,42.529161664528,40.8587867480261,40.5398392297135,38.0491892081946,37.8971040725016,34.9590929762564,33.6497703338809,18.1962408983296,13.4727092835153,12.5905264958162,12.585631108843,12.1592015599413,17.1006045371324,23.4894182441091,24.7906442124493,24.7906442124493,24.7906442124493
184,"COK","Cook Islands",NA,NA,NA,NA,NA,NA,NA,NA,NA,NA,NA,NA,NA,NA,NA,NA,NA,NA,NA,NA,NA,NA,NA,NA,NA,NA,NA,NA
188,"CRI","Costa Rica",19.3127220607984,19.3127220607984,19.3127220607984,19.3127220607984,19.3127220607984,19.3127220607984,19.3127220607984,19.3127220607984,19.3127220607984,19.3127220607984,19.3127220607984,19.3127220607984,19.6388568585605,17.4481017655522,15.7695867561546,16.2035687763096,16.1474986446292,16.2848722376009,18.2787572460537,20.2427918870734,22.3116520517909,21.5561566379418,19.279768895444,18.5114580019814,18.4264321301728,17.6602807764244,17.6602807764244,17.6602807764244
384,"CIV","Cote d'Ivoire",NA,NA,NA,NA,NA,NA,NA,NA,NA,NA,NA,NA,NA,NA,NA,NA,NA,NA,NA,NA,NA,NA,NA,NA,NA,NA,NA,NA
191,"HRV","Croatia",27.9166328998483,27.9166328998483,27.9166328998483,27.9166328998483,27.9166328998483,27.9166328998483,27.9166328998483,27.9166328998483,27.9166328998483,27.9166328998483,27.9166328998483,27.9166328998483,27.3535665133428,26.1336370845345,28.4177853915213,27.9260997564999,27.4838536336299,26.4574719117052,26.9455596697087,26.0279648558164,26.4155354537099,25.1079465324744,24.6056323231952,22.4031556681996,21.8829157154825,20.7846900539227,20.7846900539227,20.7846900539227
192,"CUB","Cuba",18.0332509743582,18.0332509743582,18.0332509743582,18.0332509743582,18.0332509743582,18.0332509743582,18.0332509743582,18.0332509743582,18.0332509743582,18.0332509743582,18.0332509743582,18.0332509743582,19.1393637657293,17.5552483919676,18.4021695882221,19.0646479219877,18.4240220992473,18.0537351596373,19.7983026347579,21.7626906828582,22.1303627022844,13.9418984106637,8.93379494459295,8.41053936445289,8.31799801503237,7.99557333308869,7.99557333308869,7.99557333308869
531,"CUW","Curacao",NA,NA,NA,NA,NA,NA,NA,NA,NA,NA,NA,NA,NA,NA,NA,NA,NA,NA,NA,NA,NA,NA,NA,NA,NA,NA,NA,NA
196,"CYP","Cyprus",39.4160370586435,39.4160370586435,39.4160370586435,39.4160370586435,39.4160370586435,39.4160370586435,39.4160370586435,39.4160370586435,39.4160370586435,39.4160370586435,39.4160370586435,39.4160370586435,25.2772530947679,24.5726306435007,24.8658554569578,24.5726306435007,24.0194274955162,34.1987239623536,35.8547518027481,35.0585296175862,36.0276477579476,26.3970255258801,21.9165476518899,21.8879406811007,22.017316660529,21.8309692969471,21.8309692969471,21.8309692969471
203,"CZE","Czech Republic",16.9181847956477,16.9181847956477,16.9181847956477,16.9181847956477,16.9181847956477,16.9181847956477,16.9181847956477,16.9181847956477,16.9181847956477,16.9181847956477,16.9181847956477,16.9181847956477,14.6742554622349,13.0273556255381,13.0207922630836,14.2836153527729,12.6611492303712,13.5244470189253,14.7242200529031,14.6549451050858,15.7258983861939,15.5691185103232,13.8280359329881,10.4494108722072,6.12389842700334,1.75718094305087,1.75718094305087,1.75718094305087
180,"COD","Dem. Rep. Congo",23.0593357820152,23.0593357820152,23.0593357820152,23.0593357820152,23.0593357820152,23.0593357820152,23.0593357820152,23.0593357820152,23.0593357820152,23.0593357820152,23.0593357820152,23.0593357820152,23.2918280320012,22.6898193908654,21.6629133981567,20.3895905545789,20.4738400563752,19.8808490856358,18.2296724250793,16.3488485186799,16.0772813842292,14.0491310824623,12.5528331023336,11.8392643972497,12.0423271841172,11.4609194996766,11.4609194996766,11.4609194996766
208,"DNK","Denmark",12.8485716437384,12.8485716437384,12.8485716437384,12.8485716437384,12.8485716437384,12.8485716437384,12.8485716437384,12.8485716437384,12.8485716437384,12.8485716437384,12.8485716437384,12.8485716437384,11.3262192227916,9.50844173313021,8.04767645582019,9.65298823917826,10.4699882124752,10.439436191511,12.2308962521372,12.8749542772219,13.8630434935145,12.9953249799424,13.0110635938951,12.4009321344689,10.6113196319622,10.347122996726,10.347122996726,10.347122996726
262,"DJI","Djibouti",NA,NA,NA,NA,NA,NA,NA,NA,NA,NA,NA,NA,NA,NA,NA,NA,NA,NA,NA,NA,NA,NA,NA,NA,NA,NA,NA,NA
212,"DMA","Dominica",36.1586591505991,36.1586591505991,36.1586591505991,36.1586591505991,36.1586591505991,36.1586591505991,36.1586591505991,36.1586591505991,36.1586591505991,36.1586591505991,36.1586591505991,36.1586591505991,34.8092495761093,32.2010823783057,32.3766860990696,31.050757315083,30.4479689810264,27.7668155986256,29.4993806565494,31.3023480829472,34.6748356671976,36.5262759037211,0,0,0,0,0,0
214,"DOM","Dominican Republic",12.2075970192811,12.2075970192811,12.2075970192811,12.2075970192811,12.2075970192811,12.2075970192811,12.2075970192811,12.2075970192811,12.2075970192811,12.2075970192811,12.2075970192811,12.2075970192811,11.5159970245403,10.2999279177666,10.8877934965282,12.1926857269885,12.2510666063078,12.015574914831,13.1369267026724,13.1435856165266,12.9766445918653,11.4322800184874,10.370495230536,10.2459717518302,10.1033488714534,9.45553760922415,9.45553760922415,9.45553760922415
218,"ECU","Ecuador",25.1928944019622,25.1928944019622,25.1928944019622,25.1928944019622,25.1928944019622,25.1928944019622,25.1928944019622,25.1928944019622,25.1928944019622,25.1928944019622,25.1928944019622,25.1928944019622,23.3891280358183,21.5328204682889,20.6631858226373,20.9392944732358,20.6097050255907,20.0677741819899,20.1829460269238,21.2714461153798,21.426610307726,21.3976855513145,21.53072973317,21.9922024937574,21.784494556098,20.9612965898696,20.9612965898696,20.9612965898696
818,"EGY","Egypt",46.9708703988835,46.9708703988835,46.9708703988835,46.9708703988835,46.9708703988835,46.9708703988835,46.9708703988835,46.9708703988835,46.9708703988835,46.9708703988835,46.9708703988835,46.9708703988835,46.0848152794026,45.5759151710727,47.1143784276565,45.8483740979428,44.3691627242525,38.3399253804741,37.7334624638158,36.6627596325361,37.3059818166845,37.8096945532628,43.3246442801486,44.2960559771715,47.7097716258065,48.2882977615791,48.2882977615791,48.2882977615791
222,"SLV","El Salvador",14.0371920337236,14.0371920337236,14.0371920337236,14.0371920337236,14.0371920337236,14.0371920337236,14.0371920337236,14.0371920337236,14.0371920337236,14.0371920337236,14.0371920337236,14.0371920337236,14.7222930648602,15.9055572073886,16.0382965955849,17.5888297215355,18.3843100535784,18.6521877920004,19.432818878206,20.7837860784,21.1186618589881,19.2839342066683,17.8866523849744,17.5359134179742,17.5949108355927,17.712833364331,17.712833364331,17.712833364331
226,"GNQ","Equatorial Guinea",34.8850440817142,34.8850440817142,34.8850440817142,34.8850440817142,34.8850440817142,34.8850440817142,34.8850440817142,34.8850440817142,34.8850440817142,34.8850440817142,34.8850440817142,34.8850440817142,34.6598950499659,31.707733593797,27.855467890285,25.2019203443889,22.5651284182435,21.9421748552949,21.1416568128052,17.6133207590507,17.4250203163189,17.0387616139901,15.6853908574049,15.5897124674562,17.5071181571298,18.0875395337833,18.0875395337833,18.0875395337833
232,"ERI","Eritrea",100,100,100,100,100,100,100,100,100,100,100,100,100,100,100,100,100,100,100,100,100,100,100,100,100,100,100,100
233,"EST","Estonia",11.8811295996597,11.8811295996597,11.8811295996597,11.8811295996597,11.8811295996597,11.8811295996597,11.8811295996597,11.8811295996597,11.8811295996597,11.8811295996597,11.8811295996597,11.8811295996597,12.6086140287582,11.0654131766138,10.984872300572,10.2634710588294,9.71021801310179,9.5633089813914,9.67769206079733,9.21543129902877,8.84921247783387,8.04431496083255,6.40374927735552,4.88663649914017,3.60110748840013,3.00065780445856,3.00065780445856,3.00065780445856
748,"SWZ","Eswatini",7.56958519800034,7.56958519800034,7.56958519800034,7.56958519800034,7.56958519800034,7.56958519800034,7.56958519800034,7.56958519800034,7.56958519800034,7.56958519800034,7.56958519800034,7.56958519800034,6.71758052152607,7.05855542296626,5.5052459411432,4.88683543160847,6.91162990493713,7.85990467577753,8.32600585205171,10.4323213828618,12.0499767725767,10.8011366806633,9.28221727656683,9.77329253704677,10.101686503129,10.2682510725497,10.2682510725497,10.2682510725497
231,"ETH","Ethiopia",31.0139453862362,31.0139453862362,31.0139453862362,31.0139453862362,31.0139453862362,31.0139453862362,31.0139453862362,31.0139453862362,31.0139453862362,31.0139453862362,31.0139453862362,31.0139453862362,29.3990944193465,28.1136763736818,26.5534604585963,26.1445403361322,25.8430710589023,24.5832816398662,23.973347647127,23.5220240495587,24.1871073334647,23.6928878705387,23.9914875154575,25.0062624624286,25.7764739651733,25.1189136852402,25.1189136852402,25.1189136852402
234,"FRO","Faeroe Islands",NA,NA,NA,NA,NA,NA,NA,NA,NA,NA,NA,NA,NA,NA,NA,NA,NA,NA,NA,NA,NA,NA,NA,NA,NA,NA,NA,NA
238,"FLK","Falkland Islands",100,100,100,100,100,100,100,100,100,100,100,100,100,100,100,100,100,100,100,100,100,100,100,100,100,100,100,100
242,"FJI","Fiji",30.1867148396589,30.1867148396589,30.1867148396589,30.1867148396589,30.1867148396589,30.1867148396589,30.1867148396589,30.1867148396589,30.1867148396589,30.1867148396589,30.1867148396589,30.1867148396589,28.4955392831576,27.6532069583327,27.9445645024802,27.2723052886643,28.6190317765304,29.6655781831455,29.2417089510428,27.1670137055705,27.6334205694077,21.8231514842351,20.7973869375082,21.5002756625744,22.8165726294917,22.6687742175552,22.6687742175552,22.6687742175552
246,"FIN","Finland",10.2777641322603,10.2777641322603,10.2777641322603,10.2777641322603,10.2777641322603,10.2777641322603,10.2777641322603,10.2777641322603,10.2777641322603,10.2777641322603,10.2777641322603,10.2777641322603,10.1579751389126,8.8564395972757,8.53273441888409,9.22905323770716,9.49587733212834,9.39687594596792,10.0129365133747,9.88193284246614,9.81509632526964,8.86754549599239,7.07514162015102,6.00515162627916,5.17674178292869,4.56314149960521,4.56314149960521,4.56314149960521
250,"FRA","France",20.0103693580501,20.0103693580501,20.0103693580501,20.0103693580501,20.0103693580501,20.0103693580501,20.0103693580501,20.0103693580501,20.0103693580501,20.0103693580501,20.0103693580501,20.0103693580501,19.3835380341854,17.2336527885511,17.5342463518369,14.7658398035133,14.5454352792818,14.1105480503979,15.5238241179331,16.1396801050996,19.7331307532729,19.8018829482869,19.6441727968519,18.1480784855876,16.9108227826695,15.7187522081865,15.7187522081865,15.7187522081865
258,"PYF","French Polynesia",NA,NA,NA,NA,NA,NA,NA,NA,NA,NA,NA,NA,NA,NA,NA,NA,NA,NA,NA,NA,NA,NA,NA,NA,NA,NA,NA,NA
266,"GAB","Gabon",34.7809392102199,34.7809392102199,34.7809392102199,34.7809392102199,34.7809392102199,34.7809392102199,34.7809392102199,34.7809392102199,34.7809392102199,34.7809392102199,34.7809392102199,34.7809392102199,34.4304492138105,34.3258886561836,33.3682540077492,34.1813516840282,34.342281131708,34.2221602586798,31.3223812093388,28.8378207133428,27.8361507697921,26.9863543080738,25.8098280377803,26.8372754016248,28.1176982137517,28.3499716600135,28.3499716600135,28.3499716600135
270,"GMB","Gambia",22.344016576688,22.344016576688,22.344016576688,22.344016576688,22.344016576688,22.344016576688,22.344016576688,22.344016576688,22.344016576688,22.344016576688,22.344016576688,22.344016576688,21.9243914517965,12.4698212400286,13.6375071927608,12.86807813555,12.0756615045525,12.265185169868,18.6456682088536,15.4095550196339,14.5267888588917,14.7259566866146,14.0186211130219,13.9918694396335,14.248925098096,14.2215556424953,14.2215556424953,14.2215556424953
268,"GEO","Georgia",44.4722844076154,44.4722844076154,44.4722844076154,44.4722844076154,44.4722844076154,44.4722844076154,44.4722844076154,44.4722844076154,44.4722844076154,44.4722844076154,44.4722844076154,44.4722844076154,43.3581192590065,42.3591787712202,46.1850941411607,45.3808097778305,45.3610805296467,46.9333533410428,48.6830293853709,50.079377046123,54.4126894646945,54.4612127896799,56.4777013620001,56.1109646775558,55.7176758524756,54.3781724864882,54.3781724864882,54.3781724864882
276,"DEU","Germany",21.6545553057607,21.6545553057607,21.6545553057607,21.6545553057607,21.6545553057607,21.6545553057607,21.6545553057607,21.6545553057607,21.6545553057607,21.6545553057607,21.6545553057607,21.6545553057607,17.4255718371597,15.2323384195128,15.8277337046005,14.5526545070492,14.8365741809307,17.4521489689082,19.7423349356161,20.1660357932728,24.6984093716114,25.3807283893762,24.7033359386973,21.8011883319933,17.1121697530721,11.5130132374059,11.5130132374059,11.5130132374059
288,"GHA","Ghana",14.1977217038518,14.1977217038518,14.1977217038518,14.1977217038518,14.1977217038518,14.1977217038518,14.1977217038518,14.1977217038518,14.1977217038518,14.1977217038518,14.1977217038518,14.1977217038518,16.2433664906726,15.3867768945861,14.1566214532386,15.3052112543227,14.7386512468503,14.9895998107887,12.7028461810997,9.45985568918412,8.25141915874892,5.95247060037134,4.05190477334664,2.69764421655709,3.20314825550838,1.82260597051305,1.82260597051305,1.82260597051305
300,"GRC","Greece",27.9473580358846,27.9473580358846,27.9473580358846,27.9473580358846,27.9473580358846,27.9473580358846,27.9473580358846,27.9473580358846,27.9473580358846,27.9473580358846,27.9473580358846,27.9473580358846,18.4067182017211,15.9565844971143,15.9884738947545,15.5737242019813,15.6938349643342,20.2810221510561,23.1432352011993,23.687609000424,24.6079040858472,24.4237600698234,25.4103222564569,25.1181671372558,23.9274030796923,23.4812495744353,23.4812495744353,23.4812495744353
304,"GRL","Greenland",NA,NA,NA,NA,NA,NA,NA,NA,NA,NA,NA,NA,NA,NA,NA,NA,NA,NA,NA,NA,NA,NA,NA,NA,NA,NA,NA,NA
308,"GRD","Grenada",12.3126114412147,12.3126114412147,12.3126114412147,12.3126114412147,12.3126114412147,12.3126114412147,12.3126114412147,12.3126114412147,12.3126114412147,12.3126114412147,12.3126114412147,12.3126114412147,12.2888559896651,12.3722463097012,22.5990897671924,19.4253324151711,19.2344144243647,19.9190835658335,20.9296113487632,21.1845615533101,26.9489915296977,25.9802480919512,26.5502474694459,23.1068890267763,25.6174123443733,25.0965440179482,25.0965440179482,25.0965440179482
320,"GTM","Guatemala",7.76702540448267,7.76702540448267,7.76702540448267,7.76702540448267,7.76702540448267,7.76702540448267,7.76702540448267,7.76702540448267,7.76702540448267,7.76702540448267,7.76702540448267,7.76702540448267,5.97450362893349,6.47674664060851,5.76289461044436,6.74338896712496,7.0480728567593,8.20590477309241,8.86031157460016,9.65569194808739,9.83217478708634,5.9778307406928,6.06819723563154,5.6899130136471,5.06391258537099,4.16348163614042,4.16348163614042,4.16348163614042
831,"GGY","Guernsey",100,100,100,100,100,100,100,100,100,100,100,100,100,100,51.9613592653226,51.9613592653226,45.0214783974429,40.9511623741065,40.9511623741065,45.0214783974429,45.0214783974429,51.9613592653226,100,100,100,100,100,100
324,"GIN","Guinea",25.2677138989353,25.2677138989353,25.2677138989353,25.2677138989353,25.2677138989353,25.2677138989353,25.2677138989353,25.2677138989353,25.2677138989353,25.2677138989353,25.2677138989353,25.2677138989353,24.5712187571039,23.2117644640081,22.656672688038,22.5225696840623,21.3317943350669,21.9520217685711,14.3793706800829,10.5290402369757,6.97456996087311,3.7400084945497,0.975603843111855,0.450665990878051,0,0,0,0
624,"GNB","Guinea-Bissau",21.8606602532967,21.8606602532967,21.8606602532967,21.8606602532967,21.8606602532967,21.8606602532967,21.8606602532967,21.8606602532967,21.8606602532967,21.8606602532967,21.8606602532967,21.8606602532967,21.5292450873569,20.2739127532804,18.2263633475665,17.8181544727576,16.9128041101304,17.7344503527043,11.0653686118433,9.89803657045685,8.20016351140761,6.13182632769646,4.3590677610914,5.47187540926332,4.90031055738577,4.37913309898862,4.37913309898862,4.37913309898862
328,"GUY","Guyana",42.3604054250665,42.3604054250665,42.3604054250665,42.3604054250665,42.3604054250665,42.3604054250665,42.3604054250665,42.3604054250665,42.3604054250665,42.3604054250665,42.3604054250665,42.3604054250665,42.2117645932592,41.5175138449116,40.221718338928,39.0570133041431,38.4493011851851,36.7022902759324,37.1884905298554,36.3813739234588,35.8068260455528,32.8848980777596,32.0379379194928,31.4595625010647,30.2991365767099,30.0132102431254,30.0132102431254,30.0132102431254
332,"HTI","Haiti",23.7569568560168,23.7569568560168,23.7569568560168,23.7569568560168,23.7569568560168,23.7569568560168,23.7569568560168,23.7569568560168,23.7569568560168,23.7569568560168,23.7569568560168,23.7569568560168,23.7942926091168,22.574505802668,22.5004660192006,22.4497535162085,21.1331936410876,19.3633823751955,18.6089281964551,17.646965798918,17.0024114591625,10.7898740826915,10.4018493864242,10.1269727561912,9.9783380930663,9.77223185615239,9.77223185615239,9.77223185615239
336,"VAT","Holy See",100,100,100,100,100,100,100,100,100,100,100,100,100,100,100,100,100,100,100,100,100,100,100,100,100,100,100,100
340,"HND","Honduras",15.3180586354954,15.3180586354954,15.3180586354954,15.3180586354954,15.3180586354954,15.3180586354954,15.3180586354954,15.3180586354954,15.3180586354954,15.3180586354954,15.3180586354954,15.3180586354954,14.7067406635507,14.1902196704259,12.9725911340891,12.7203014699519,12.2464171747384,12.6866997905229,12.6700074234107,12.394272593618,12.20168858154,7.60671884898137,5.61351969674411,4.91368422723595,4.42632806402948,3.60972757633802,3.60972757633802,3.60972757633802
344,"HKG","Hong Kong",45.304127084087,45.304127084087,45.304127084087,45.304127084087,45.304127084087,45.304127084087,45.304127084087,45.304127084087,45.304127084087,45.304127084087,45.304127084087,45.304127084087,43.5213659937157,41.4219666673103,38.7712758280384,38.4840790718571,38.8443728226979,40.0923874777771,42.0071632861032,44.5011778789168,43.0650243828287,39.9276648747166,34.6458575854262,28.5027368845019,28.5027368845019,26.9924060645494,26.9924060645494,26.9924060645494
348,"HUN","Hungary",15.7495958144866,15.7495958144866,15.7495958144866,15.7495958144866,15.7495958144866,15.7495958144866,15.7495958144866,15.7495958144866,15.7495958144866,15.7495958144866,15.7495958144866,15.7495958144866,15.376057132537,14.6932958277505,15.1013324546877,14.9197232319432,14.8706226470621,14.3345761817339,14.305914077274,13.2969895002219,13.3698990865619,12.3339480673827,11.9600330516461,11.2069073287198,11.3225700909165,11.1262769560329,11.1262769560329,11.1262769560329
352,"ISL","Iceland",NA,NA,NA,NA,NA,NA,NA,NA,NA,NA,NA,NA,NA,NA,NA,NA,NA,NA,NA,NA,NA,NA,NA,NA,NA,NA,NA,NA
356,"IND","India",26.5894001056014,26.5894001056014,26.5894001056014,26.5894001056014,26.5894001056014,26.5894001056014,26.5894001056014,26.5894001056014,26.5894001056014,26.5894001056014,26.5894001056014,26.5894001056014,25.9161396884326,24.7973620589332,24.6541880212071,24.9667946975272,24.3679324194026,23.7942504860128,23.8575576560504,22.3741174813466,21.0067931511496,19.4322732627481,17.9620891271338,17.2385946885807,17.4743883306735,17.1682174250222,17.1682174250222,17.1682174250222
360,"IDN","Indonesia",11.2028846024985,11.2028846024985,11.2028846024985,11.2028846024985,11.2028846024985,11.2028846024985,11.2028846024985,11.2028846024985,11.2028846024985,11.2028846024985,11.2028846024985,11.2028846024985,10.2399703134254,8.8687444755758,7.92784761170134,7.79698009792298,7.64925927240616,6.54638200908849,6.852377292288,6.90047434966593,6.32546562117125,5.33171473579574,6.39062748842366,6.29023921926826,7.16238394721509,8.21527284940809,8.21527284940809,8.21527284940809
364,"IRN","Iran",48.3375045866065,48.3375045866065,48.3375045866065,48.3375045866065,48.3375045866065,48.3375045866065,48.3375045866065,48.3375045866065,48.3375045866065,48.3375045866065,48.3375045866065,48.3375045866065,51.7099004517499,51.291220648181,52.1370374846468,51.8880431585586,51.0272536510714,48.8559895214849,51.1671748289111,52.1758964859758,54.3753406490635,57.786876489496,64.7191482592967,65.2039360614528,63.2145470871914,62.5935080358367,62.5935080358367,62.5935080358367
368,"IRQ","Iraq",40.0103335171808,40.0103335171808,40.0103335171808,40.0103335171808,40.0103335171808,40.0103335171808,40.0103335171808,40.0103335171808,40.0103335171808,40.0103335171808,40.0103335171808,40.0103335171808,40.0103335171808,40.6730115630029,38.2495309078643,36.7511874864125,37.226297323406,37.3897805858457,40.2264186425712,43.8706501652157,49.6370935262535,51.4602206325801,60.5695450614254,67.3532097633249,77.6614258864183,77.6614258864183,77.6614258864183,77.6614258864183
372,"IRL","Ireland",11.7800463980809,11.7800463980809,11.7800463980809,11.7800463980809,11.7800463980809,11.7800463980809,11.7800463980809,11.7800463980809,11.7800463980809,11.7800463980809,11.7800463980809,11.7800463980809,9.68522764822522,8.39898797474746,8.3100700255689,9.45988852577602,10.092504176834,12.0857707197729,12.8981569154586,13.5008374385642,13.2153718676383,10.828444735863,10.6858932797057,9.55381934708272,8.23360372863229,7.78393644214216,7.78393644214216,7.78393644214216
833,"IMN","Isle of Man",31.2474428448706,31.2474428448706,31.2474428448706,31.2474428448706,31.2474428448706,31.2474428448706,31.2474428448706,31.2474428448706,31.2474428448706,31.2474428448706,31.2474428448706,31.2474428448706,28.8431777793054,29.0980076957702,25.102731584477,22.1844381755593,23.2093176052641,23.2093176052641,22.0553395819101,22.2496132221365,25.1899009804653,24.6778520083228,25.8221669014934,26.2993858200835,28.9697869911667,29.4927625115632,29.4927625115632,29.4927625115632
376,"ISR","Israel",20.72316727438,20.72316727438,20.72316727438,20.72316727438,20.72316727438,20.72316727438,20.72316727438,20.72316727438,20.72316727438,20.72316727438,20.72316727438,20.72316727438,22.0793238676534,21.303493131982,20.7635285201728,21.6950255949859,10.2317083831862,10.2175015858971,10.2175015858971,9.68523756532325,9.90991618791811,21.851494700607,20.1744588220772,20.4646885971784,22.8699556362603,22.9953517863023,22.9953517863023,22.9953517863023
380,"ITA","Italy",29.656904111127,29.656904111127,29.656904111127,29.656904111127,29.656904111127,29.656904111127,29.656904111127,29.656904111127,29.656904111127,29.656904111127,29.656904111127,29.656904111127,29.5210390131049,27.5174456390956,27.9124702269761,27.151309822808,26.7839353909559,25.421395895611,25.3108827801094,24.6331384875273,24.7708123258906,23.2132273981876,21.8637296750224,19.9653034502383,17.3872630998197,16.6158410412543,16.6158410412543,16.6158410412543
388,"JAM","Jamaica",15.314992995264,15.314992995264,15.314992995264,15.314992995264,15.314992995264,15.314992995264,15.314992995264,15.314992995264,15.314992995264,15.314992995264,15.314992995264,15.314992995264,15.5428786827387,14.9559752085905,15.1641356392472,18.7987701537018,19.1543149266547,18.0570332439847,18.609178563383,19.1863995949199,18.7155398637665,19.0389641750261,19.3748871281091,18.5919697232627,19.0518111161996,19.6976975426096,19.6976975426096,19.6976975426096
392,"JPN","Japan",28.3570542350608,28.3570542350608,28.3570542350608,28.3570542350608,28.3570542350608,28.3570542350608,28.3570542350608,28.3570542350608,28.3570542350608,28.3570542350608,28.3570542350608,28.3570542350608,27.1943467747124,26.0676521993655,25.8895212611604,25.9220597847243,26.0745200622149,26.0696716730395,26.9986096545845,27.7249282207672,27.9991536699951,26.8868324685874,26.7751446138332,25.3931383909624,24.3514490635961,23.653892659059,23.653892659059,23.653892659059
832,"JEY","Jersey",44.9530838400949,44.9530838400949,44.9530838400949,44.9530838400949,44.9530838400949,44.9530838400949,44.9530838400949,44.9530838400949,44.9530838400949,44.9530838400949,44.9530838400949,44.9530838400949,51.8932541441822,40.882670790552,40.882670790552,28.7738374807262,26.1327624166373,21.7953717962915,22.311873775122,22.8562951848853,27.814463486853,31.0196397896378,40.882670790552,44.9530838400949,44.9530838400949,44.9530838400949,44.9530838400949,44.9530838400949
400,"JOR","Jordan",46.8754137299902,46.8754137299902,46.8754137299902,46.8754137299902,46.8754137299902,46.8754137299902,46.8754137299902,46.8754137299902,46.8754137299902,46.8754137299902,46.8754137299902,46.8754137299902,46.8754137299902,46.8754137299902,57.8400565346269,57.8400565346269,100,100,100,57.8400565346269,50.9342732865301,50.9342732865301,46.8754137299902,46.8754137299902,46.8754137299902,50.9342732865301,50.9342732865301,50.9342732865301
398,"KAZ","Kazakhstan",32.7860284597064,32.7860284597064,32.7860284597064,32.7860284597064,32.7860284597064,32.7860284597064,32.7860284597064,32.7860284597064,32.7860284597064,32.7860284597064,32.7860284597064,32.7860284597064,31.9244116042584,31.3173637569461,30.9058883521847,30.928915148506,30.1134770060117,30.4612488469792,31.1376366870786,34.3055254664803,36.3944413820234,39.8121008373875,43.4376681332826,47.0184310101584,45.5155442707192,42.5000806940901,42.5000806940901,42.5000806940901
404,"KEN","Kenya",15.4649960877403,15.4649960877403,15.4649960877403,15.4649960877403,15.4649960877403,15.4649960877403,15.4649960877403,15.4649960877403,15.4649960877403,15.4649960877403,15.4649960877403,15.4649960877403,14.7821744211356,14.175298231255,14.0498701145816,13.2010378315655,13.4974551327927,14.2668718016462,14.7883300502139,14.9971668881261,15.7523335412995,15.4178022909631,14.8259610593249,14.6202040476767,14.5911790242703,14.1268420888719,14.1268420888719,14.1268420888719
296,"KIR","Kiribati",NA,NA,NA,NA,NA,NA,NA,NA,NA,NA,NA,NA,NA,NA,NA,NA,NA,NA,NA,NA,NA,NA,NA,NA,NA,NA,NA,NA
689,"XKX","Kosovo",NA,NA,NA,NA,NA,NA,NA,NA,NA,NA,NA,NA,NA,NA,NA,NA,NA,NA,NA,NA,NA,NA,NA,NA,NA,NA,NA,NA
414,"KWT","Kuwait",NA,NA,NA,NA,NA,NA,NA,NA,NA,NA,NA,NA,NA,NA,NA,NA,NA,NA,NA,NA,NA,NA,NA,NA,NA,NA,NA,NA
417,"KGZ","Kyrgyzstan",45.7297811994453,45.7297811994453,45.7297811994453,45.7297811994453,45.7297811994453,45.7297811994453,45.7297811994453,45.7297811994453,45.7297811994453,45.7297811994453,45.7297811994453,45.7297811994453,48.4817970348207,48.544972134928,48.419015645556,45.9111147298238,45.9845720522847,46.2207848812325,47.3370571403648,50.516138510041,57.7555586951056,62.8399476202385,65.5253858843245,66.5125292245471,66.4186833966385,65.3558531052225,65.3558531052225,65.3558531052225
418,"LAO","Laos",15.8072927110694,15.8072927110694,15.8072927110694,15.8072927110694,15.8072927110694,15.8072927110694,15.8072927110694,15.8072927110694,15.8072927110694,15.8072927110694,15.8072927110694,15.8072927110694,14.0414935366976,14.1807597064626,12.5722314807353,10.9105045075595,10.7814806614361,10.5463986018462,8.81297311725153,7.62943260572642,6.37579562140229,4.09972251556307,2.61580518314454,2.02546335436541,1.27207538043427,0.845257230990455,0.845257230990455,0.845257230990455
428,"LVA","Latvia",8.12231568159957,8.12231568159957,8.12231568159957,8.12231568159957,8.12231568159957,8.12231568159957,8.12231568159957,8.12231568159957,8.12231568159957,8.12231568159957,8.12231568159957,8.12231568159957,7.69577567627158,7.22684379482045,6.9847237033662,6.55826771118585,6.2500001437439,6.34558359326201,6.42359770993249,6.56245164361074,7.55323399328219,7.52911087291237,6.78902847985323,5.7833934843601,4.59755962660084,3.75924269013832,3.75924269013832,3.75924269013832
422,"LBN","Lebanon",23.4981653555311,23.4981653555311,23.4981653555311,23.4981653555311,23.4981653555311,23.4981653555311,23.4981653555311,23.4981653555311,23.4981653555311,23.4981653555311,23.4981653555311,23.4981653555311,21.1682242298549,18.2365154865376,16.5045161810169,17.8685476104435,17.9379769064766,18.7602214630473,20.8222134679089,22.7846675187146,21.9440593227473,20.2902313289898,18.8530404810343,17.9457208930614,16.1677783548842,14.1661725183967,14.1661725183967,14.1661725183967
426,"LSO","Lesotho",40.3316374743717,40.3316374743717,40.3316374743717,40.3316374743717,40.3316374743717,40.3316374743717,40.3316374743717,40.3316374743717,40.3316374743717,40.3316374743717,40.3316374743717,40.3316374743717,39.9524412303403,38.5640699594009,39.2343567480043,38.8936395670996,38.5640699594009,38.5640699594009,37.9356129482013,34.1676063110959,35.0428272444414,31.1171413368517,30.5161576116274,30.5161576116274,31.7562653455703,29.0274135552089,29.0274135552089,29.0274135552089
430,"LBR","Liberia",19.6975650150714,19.6975650150714,19.6975650150714,19.6975650150714,19.6975650150714,19.6975650150714,19.6975650150714,19.6975650150714,19.6975650150714,19.6975650150714,19.6975650150714,19.6975650150714,20.7078787097707,19.5517313686733,15.3831556496387,14.9452714881106,15.031940797996,13.781213293513,9.68134392412414,7.43200147924469,4.25576498216999,2.25960836947436,0.627101114524322,0.0741767883835678,0,0,0,0
434,"LBY","Libya",24.596884983531,24.596884983531,24.596884983531,24.596884983531,24.596884983531,24.596884983531,24.596884983531,24.596884983531,24.596884983531,24.596884983531,24.596884983531,24.596884983531,28.0684708751622,30.9245253108197,31.9151116859172,34.4683123091283,35.9075886372706,35.9075886372706,22.4852356136206,21.8907961835853,22.4852356136206,23.1169631593341,22.4174279200247,36.1688076006454,39.98354617844,39.98354617844,39.98354617844,39.98354617844
438,"LIE","Liechtenstein",35.3283966011962,35.3283966011962,35.3283966011962,35.3283966011962,35.3283966011962,35.3283966011962,35.3283966011962,35.3283966011962,35.3283966011962,35.3283966011962,35.3283966011962,35.3283966011962,32.8003090245862,30.5549206031183,31.7401868153213,32.5246375612278,35.6941555153049,37.3064840365826,40.9536506363908,42.2947453712365,43.8421951382273,41.6018978635435,41.6018978635435,38.7114469006565,34.9754534599606,34.30462863705,34.30462863705,34.30462863705
440,"LTU","Lithuania",12.2576823885697,12.2576823885697,12.2576823885697,12.2576823885697,12.2576823885697,12.2576823885697,12.2576823885697,12.2576823885697,12.2576823885697,12.2576823885697,12.2576823885697,12.2576823885697,11.4724566197499,10.6703809602542,10.5121182939681,10.358560088021,9.86135268551823,9.68472889939174,9.82411208514118,9.64193755158824,10.30489627347,9.84564970879921,8.94294983060114,8.35454003939435,7.54381623820022,6.91378400855422,6.91378400855422,6.91378400855422
442,"LUX","Luxembourg",24.0654466666427,24.0654466666427,24.0654466666427,24.0654466666427,24.0654466666427,24.0654466666427,24.0654466666427,24.0654466666427,24.0654466666427,24.0654466666427,24.0654466666427,24.0654466666427,20.4195484692793,15.3647245963751,15.8021913278433,12.5588627149983,12.2829845775419,12.4739501343074,14.8980296138942,14.0169992066783,16.4735511132264,16.1079932449849,16.2496759938736,15.7178310329059,15.3467152656006,13.9619608063412,13.9619608063412,13.9619608063412
446,"MAC","Macao",24.3919981580002,24.3919981580002,24.3919981580002,24.3919981580002,24.3919981580002,24.3919981580002,24.3919981580002,24.3919981580002,24.3919981580002,24.3919981580002,24.3919981580002,24.3919981580002,17.4120218820469,13.3283002608713,11.7756540801142,11.0807271798541,12.5220941336777,16.2257864422765,22.1451639850611,24.3919981580002,24.3919981580002,27.2882530668384,20.3092001464993,18.7568179009002,16.2257864422765,16.2257864422765,16.2257864422765,16.2257864422765
450,"MDG","Madagascar",14.5345925355117,14.5345925355117,14.5345925355117,14.5345925355117,14.5345925355117,14.5345925355117,14.5345925355117,14.5345925355117,14.5345925355117,14.5345925355117,14.5345925355117,14.5345925355117,12.4904030958825,11.8738906771643,10.9599170577184,10.7366171196819,9.53170467513299,10.4472636406397,8.13545238417204,5.24953293704067,3.65931944710459,2.07023737390811,0,0,0.294695629501277,0.625472077538703,0.625472077538703,0.625472077538703
454,"MWI","Malawi",18.001550351646,18.001550351646,18.001550351646,18.001550351646,18.001550351646,18.001550351646,18.001550351646,18.001550351646,18.001550351646,18.001550351646,18.001550351646,18.001550351646,16.9519281225238,16.1714551682958,16.6498322285704,18.461072979277,17.5517094558303,16.5659810130535,16.4652572763491,13.368468661413,12.1777787496377,11.3819877663591,10.7172376459907,9.9668432228514,10.836972799072,10.006856006421,10.006856006421,10.006856006421
458,"MYS","Malaysia",6.37324318921742,6.37324318921742,6.37324318921742,6.37324318921742,6.37324318921742,6.37324318921742,6.37324318921742,6.37324318921742,6.37324318921742,6.37324318921742,6.37324318921742,6.37324318921742,5.79569094071299,4.73219620368495,3.34647880862983,3.08699166426057,2.50229591916823,1.56448677994447,1.70165525634408,1.59982848033324,1.49844346395868,1.08958651391629,1.65218333733732,1.23198221338079,2.25282403137041,3.08099538580448,3.08099538580448,3.08099538580448
462,"MDV","Maldives",35.1815739029102,35.1815739029102,35.1815739029102,35.1815739029102,35.1815739029102,35.1815739029102,35.1815739029102,35.1815739029102,35.1815739029102,35.1815739029102,35.1815739029102,35.1815739029102,34.606660080016,32.1406241841112,30.9069115126159,31.3015967602352,28.8171418823202,30.1611054740146,31.3015967602352,32.1406241841112,33.5467886929796,41.5741417834203,44.0971640853634,52.580700946757,100,100,100,100
466,"MLI","Mali",16.6642670906289,16.6642670906289,16.6642670906289,16.6642670906289,16.6642670906289,16.6642670906289,16.6642670906289,16.6642670906289,16.6642670906289,16.6642670906289,16.6642670906289,16.6642670906289,15.8408911538969,14.6063202413137,15.8796903009386,16.577098352323,16.0825683064463,16.7028615876942,12.0750510559277,11.0158136880999,9.78665821651961,9.56442535404651,7.50541380074493,8.51822186338336,8.48085160064599,8.5745384779332,8.5745384779332,8.5745384779332
470,"MLT","Malta",8.38797258519345,8.38797258519345,8.38797258519345,8.38797258519345,8.38797258519345,8.38797258519345,8.38797258519345,8.38797258519345,8.38797258519345,8.38797258519345,8.38797258519345,8.38797258519345,10.2244491705845,8.38797258519345,10.2244491705845,8.38797258519345,8.38797258519345,10.2244491705845,12.4720523716405,19.4531028256644,26.4324567238939,100,100,100,100,100,100,100
584,"MHL","Marshall Islands",NA,NA,NA,NA,NA,NA,NA,NA,NA,NA,NA,NA,NA,NA,NA,NA,NA,NA,NA,NA,NA,NA,NA,NA,NA,NA,NA,NA
478,"MRT","Mauritania",12.827999228182,12.827999228182,12.827999228182,12.827999228182,12.827999228182,12.827999228182,12.827999228182,12.827999228182,12.827999228182,12.827999228182,12.827999228182,12.827999228182,12.827999228182,100,100,100,100,100,100,100,100,100,100,100,100,100,100,100
480,"MUS","Mauritius",22.4161162953837,22.4161162953837,22.4161162953837,22.4161162953837,22.4161162953837,22.4161162953837,22.4161162953837,22.4161162953837,22.4161162953837,22.4161162953837,22.4161162953837,22.4161162953837,22.6292326500904,21.9122775749871,22.8249699100315,24.6893115486059,20.4926812151344,20.2177081434809,18.564105677231,15.8886232321241,16.0218764695383,19.617170336893,21.0662228516117,25.776535526018,100,100,100,100
484,"MEX","Mexico",18.8466400222501,18.8466400222501,18.8466400222501,18.8466400222501,18.8466400222501,18.8466400222501,18.8466400222501,18.8466400222501,18.8466400222501,18.8466400222501,18.8466400222501,18.8466400222501,18.1750019020244,17.8339083908583,16.7297748478463,17.121938624983,17.053479763019,17.4869291868213,17.1280825073691,18.2534872896721,17.9050728058558,16.9971702518667,15.8360945309177,15.4060399886333,14.1840809589029,13.4652713313331,13.4652713313331,13.4652713313331
583,"FSM","Micronesia",100,100,100,100,100,100,100,100,100,100,100,100,100,100,100,21.1711456876322,21.1711456876322,21.1711456876322,21.1711456876322,21.1711456876322,100,100,100,100,100,100,100,100
498,"MDA","Moldova",38.2199193688254,38.2199193688254,38.2199193688254,38.2199193688254,38.2199193688254,38.2199193688254,38.2199193688254,38.2199193688254,38.2199193688254,38.2199193688254,38.2199193688254,38.2199193688254,38.1413423716877,37.7466383849881,38.6105479808735,37.865610030308,37.7144339462055,27.7478107881167,27.5818137643284,26.9035046182439,25.7974735455221,23.8372676603399,25.9864008914387,23.902349793312,22.7251634691712,20.6796292331147,20.6796292331147,20.6796292331147
492,"MCO","Monaco",NA,NA,NA,NA,NA,NA,NA,NA,NA,NA,NA,NA,NA,NA,NA,NA,NA,NA,NA,NA,NA,NA,NA,NA,NA,NA,NA,NA
496,"MNG","Mongolia",12.4712182432426,12.4712182432426,12.4712182432426,12.4712182432426,12.4712182432426,12.4712182432426,12.4712182432426,12.4712182432426,12.4712182432426,12.4712182432426,12.4712182432426,12.4712182432426,10.5164516985522,9.50007490926407,8.08264770123827,8.019508910187,8.50881861411229,8.98713066341105,12.5102096932965,21.9251628590725,22.2721662243769,22.1389545555434,24.7384388548134,22.7594247888615,22.1863144100594,23.5911160810368,23.5911160810368,23.5911160810368
499,"MNE","Montenegro",36.8946500641571,36.8946500641571,36.8946500641571,36.8946500641571,36.8946500641571,36.8946500641571,36.8946500641571,36.8946500641571,36.8946500641571,36.8946500641571,36.8946500641571,36.8946500641571,32.5776832172611,28.6066189433356,29.5887511189695,29.4667526830967,28.5616537550996,27.9871868597374,25.690094330254,24.044107758655,24.0914100348459,23.0636248440525,22.9013256625415,24.1168422015269,25.607085757766,24.1236349700862,24.1236349700862,24.1236349700862
504,"MAR","Morocco",19.8263987651258,19.8263987651258,19.8263987651258,19.8263987651258,19.8263987651258,19.8263987651258,19.8263987651258,19.8263987651258,19.8263987651258,19.8263987651258,19.8263987651258,19.8263987651258,21.1895184201882,19.8839518994723,20.1093341053792,20.6416544006485,19.5580685433628,20.2381907524234,22.8649783979658,22.1219121866293,22.0160201854515,23.3453942445115,22.2963966173886,20.9290859201513,21.4133599177138,18.9088757147196,18.9088757147196,18.9088757147196
508,"MOZ","Mozambique",17.3001735174085,17.3001735174085,17.3001735174085,17.3001735174085,17.3001735174085,17.3001735174085,17.3001735174085,17.3001735174085,17.3001735174085,17.3001735174085,17.3001735174085,17.3001735174085,16.7664926932222,15.0085252874074,13.7149858848602,13.2712051146336,13.5251428819306,13.5537280830261,14.0547427425594,14.3025280879498,14.4648684595709,13.3198037508344,11.13171914607,11.0167077574376,10.6745351559082,10.2229185991015,10.2229185991015,10.2229185991015
104,"MMR","Myanmar",22.4319406625981,22.4319406625981,22.4319406625981,22.4319406625981,22.4319406625981,22.4319406625981,22.4319406625981,22.4319406625981,22.4319406625981,22.4319406625981,22.4319406625981,22.4319406625981,20.8279475182503,20.0799900495652,18.2991935125355,17.2404686100415,17.1375590189408,16.1622243056895,14.7279915316082,13.5754271916475,12.4844155271403,10.7653027276858,9.97211552059593,9.7769307367131,9.91557379407577,9.80830703322096,9.80830703322096,9.80830703322096
516,"NAM","Namibia",5.39885341202138,5.39885341202138,5.39885341202138,5.39885341202138,5.39885341202138,5.39885341202138,5.39885341202138,5.39885341202138,5.39885341202138,5.39885341202138,5.39885341202138,5.39885341202138,4.95837965188235,8.34091268411431,6.972243679958,8.16511661656742,6.79830232060019,8.60442635163778,9.99462987462172,15.2989192790839,17.6529996327077,25.4387840781279,33.2207085876733,30.4313179107179,30.6454488358861,30.6454488358861,30.6454488358861,30.6454488358861
520,"NRU","Nauru",NA,NA,NA,NA,NA,NA,NA,NA,NA,NA,NA,NA,NA,NA,NA,NA,NA,NA,NA,NA,NA,NA,NA,NA,NA,NA,NA,NA
524,"NPL","Nepal",37.2852892994737,37.2852892994737,37.2852892994737,37.2852892994737,37.2852892994737,37.2852892994737,37.2852892994737,37.2852892994737,37.2852892994737,37.2852892994737,37.2852892994737,37.2852892994737,36.29135877887,35.81234653072,33.9717873561747,34.1890751216009,34.4474910626744,33.5629515722844,34.7656487657003,37.7724731557852,39.3165421289367,41.1453731459962,44.6440885961521,43.3325454651574,42.0744512522798,40.1025306524971,40.1025306524971,40.1025306524971
528,"NLD","Netherlands",25.0720803781032,25.0720803781032,25.0720803781032,25.0720803781032,25.0720803781032,25.0720803781032,25.0720803781032,25.0720803781032,25.0720803781032,25.0720803781032,25.0720803781032,25.0720803781032,23.6488978829561,22.3679278825715,21.9980167257327,19.6340238132648,20.0004632981816,20.8221676884129,21.6279886756136,22.5646272962477,27.1005818515184,26.5023264184208,25.6460127711356,24.2048615755325,21.7275650257933,20.4134741560734,20.4134741560734,20.4134741560734
540,"NCL","New Caledonia",31.1707337903807,31.1707337903807,31.1707337903807,31.1707337903807,31.1707337903807,31.1707337903807,31.1707337903807,31.1707337903807,31.1707337903807,31.1707337903807,31.1707337903807,31.1707337903807,30.6717172646191,31.2170765493259,32.0507718660442,33.6776629962457,36.8824471632964,37.2302029948708,32.9811363548675,31.1068028163297,31.196121158583,30.2791903973039,29.8476182676937,29.001335212549,30.7315097036571,26.5131944657144,26.5131944657144,26.5131944657144
554,"NZL","New Zealand",13.973687046956,13.973687046956,13.973687046956,13.973687046956,13.973687046956,13.973687046956,13.973687046956,13.973687046956,13.973687046956,13.973687046956,13.973687046956,13.973687046956,13.9943090712288,13.4201097921373,13.456311002912,13.3355973096275,13.3934050721288,13.1634157880622,12.635962441716,12.0248766338509,11.7899242254272,11.2110413290463,11.0570590825115,11.0076638393237,11.2214324965928,11.2967633900425,11.2967633900425,11.2967633900425
558,"NIC","Nicaragua",11.3923818093654,11.3923818093654,11.3923818093654,11.3923818093654,11.3923818093654,11.3923818093654,11.3923818093654,11.3923818093654,11.3923818093654,11.3923818093654,11.3923818093654,11.3923818093654,10.1288360432212,9.89578856447535,7.99179842623373,5.14487809863387,5.05292855908034,6.2689500161141,6.50169154705821,6.6796987438196,12.3879141407475,8.79677448139797,4.48140047906949,3.95644577129788,3.9170478495292,2.59463639399652,2.59463639399652,2.59463639399652
562,"NER","Niger",0,0,0,0,0,0,0,0,0,0,0,0,0,0,1.76177818035374,100,100,1.76177818035374,1.76177818035374,1.76177818035374,1.76177818035374,1.76177818035374,100,100,100,100,100,100
566,"NGA","Nigeria",23.6809223766465,23.6809223766465,23.6809223766465,23.6809223766465,23.6809223766465,23.6809223766465,23.6809223766465,23.6809223766465,23.6809223766465,23.6809223766465,23.6809223766465,23.6809223766465,23.6563385627902,22.3916548382805,21.1227750406816,20.0222399344751,17.9548519640179,17.2036780197193,16.1233140361606,13.9472716557489,13.2476466218066,12.5897951991569,8.45969477338377,6.76648718930173,6.43200556973191,5.41948769755173,5.41948769755173,5.41948769755173
570,"NIU","Niue",NA,NA,NA,NA,NA,NA,NA,NA,NA,NA,NA,NA,NA,NA,NA,NA,NA,NA,NA,NA,NA,NA,NA,NA,NA,NA,NA,NA
408,"PRK","North Korea",23.2677413551137,23.2677413551137,23.2677413551137,23.2677413551137,23.2677413551137,23.2677413551137,23.2677413551137,23.2677413551137,23.2677413551137,23.2677413551137,23.2677413551137,23.2677413551137,21.8638876523419,20.1386629995099,19.9037828279796,19.5882707714903,20.5750504089626,20.0988401244838,22.1996128510239,22.5522764626283,24.0463573349794,22.8792282347096,24.4760995485683,23.9276324480286,20.9785148913175,20.3968792328198,20.3968792328198,20.3968792328198
807,"MKD","North Macedonia",24.4926341649475,24.4926341649475,24.4926341649475,24.4926341649475,24.4926341649475,24.4926341649475,24.4926341649475,24.4926341649475,24.4926341649475,24.4926341649475,24.4926341649475,24.4926341649475,21.0317143084461,18.408050097316,16.9428897265076,16.3650312499204,16.2919653125404,16.8443554850226,18.7785458086657,20.8765578104685,22.3451731424022,23.0651237302865,25.4530483721019,24.8579315057882,24.8338228917068,23.3471140817928,23.3471140817928,23.3471140817928
578,"NOR","Norway",21.6267910878984,21.6267910878984,21.6267910878984,21.6267910878984,21.6267910878984,21.6267910878984,21.6267910878984,21.6267910878984,21.6267910878984,21.6267910878984,21.6267910878984,21.6267910878984,21.2610646859871,20.0291731392822,20.6894748625712,19.7461492339499,20.2263088555512,20.3433109370038,20.3842153681053,19.4239593234548,19.6209040423121,18.1250115169119,16.7951604118707,15.6943175411848,14.7231559607954,13.6352417508933,13.6352417508933,13.6352417508933
512,"OMN","Oman",NA,NA,NA,NA,NA,NA,NA,NA,NA,NA,NA,NA,NA,NA,NA,NA,NA,NA,NA,NA,NA,NA,NA,NA,NA,NA,NA,NA
586,"PAK","Pakistan",33.283768886053,33.283768886053,33.283768886053,33.283768886053,33.283768886053,33.283768886053,33.283768886053,33.283768886053,33.283768886053,33.283768886053,33.283768886053,33.283768886053,31.6102331958651,30.8531456477045,31.2938614712696,31.7198713452135,33.5957432938235,35.9027265712989,39.3352806216066,43.872855257066,50.1631092709197,58.4456770991581,59.8580372633294,59.4555588553481,58.1214937582624,56.2358661934574,56.2358661934574,56.2358661934574
585,"PLW","Palau",30.39956341776,30.39956341776,30.39956341776,30.39956341776,30.39956341776,30.39956341776,30.39956341776,30.39956341776,30.39956341776,30.39956341776,30.39956341776,30.39956341776,29.6323893198128,27.6672529325543,27.6672529325543,28.0940125262564,28.25379220054,31.176055033393,33.8751963666677,30.1049845543563,31.8434424969227,33.8050928265739,35.9799140729252,37.57333429698,57.8904502124745,49.5538186264502,49.5538186264502,49.5538186264502
591,"PAN","Panama",18.2304293339019,18.2304293339019,18.2304293339019,18.2304293339019,18.2304293339019,18.2304293339019,18.2304293339019,18.2304293339019,18.2304293339019,18.2304293339019,18.2304293339019,18.2304293339019,18.0773452334054,15.4312655787128,13.9150965172365,13.7057008491796,14.5065827078922,14.7754589398407,16.9665900584729,19.4037023429895,19.9994213854419,20.7603604285643,18.9978522814591,17.4906342981866,15.6621372327907,14.3493762400864,14.3493762400864,14.3493762400864
598,"PNG","Papua New Guinea",29.0377117890518,29.0377117890518,29.0377117890518,29.0377117890518,29.0377117890518,29.0377117890518,29.0377117890518,29.0377117890518,29.0377117890518,29.0377117890518,29.0377117890518,29.0377117890518,29.2673550576112,27.711273764065,28.0529885163707,26.98177508266,27.0965240364404,26.2935451318229,26.7558249125197,25.0199770713483,22.2669662988492,19.8895538328469,19.1627287459109,18.2434281634659,18.395794675495,20.0161661593659,20.0161661593659,20.0161661593659
600,"PRY","Paraguay",8.14476958788499,8.14476958788499,8.14476958788499,8.14476958788499,8.14476958788499,8.14476958788499,8.14476958788499,8.14476958788499,8.14476958788499,8.14476958788499,8.14476958788499,8.14476958788499,6.29568806132417,5.53935817456369,4.85003013322327,3.78022781436293,2.14663290799081,1.74774732730204,2.01863698157779,2.04816262523386,2.8564186682093,3.58071730220169,4.43656508023444,4.80341526232624,5.00736494441291,5.23172488055393,5.23172488055393,5.23172488055393
604,"PER","Peru",27.4911962112012,27.4911962112012,27.4911962112012,27.4911962112012,27.4911962112012,27.4911962112012,27.4911962112012,27.4911962112012,27.4911962112012,27.4911962112012,27.4911962112012,27.4911962112012,26.8156528634555,25.8829348065874,24.6653857344669,24.9807426750776,24.434158111185,22.3307060158014,21.3897632218305,21.0926137539597,20.8395732045083,19.8069390397987,19.5465182952795,19.5247961991492,19.2959974120027,18.3539382387982,18.3539382387982,18.3539382387982
608,"PHL","Philippines",21.5567858861908,21.5567858861908,21.5567858861908,21.5567858861908,21.5567858861908,21.5567858861908,21.5567858861908,21.5567858861908,21.5567858861908,21.5567858861908,21.5567858861908,21.5567858861908,20.1233635964877,19.9868602150406,19.5206763598525,17.7392174764596,18.5147245818808,18.7433125450953,18.0558090518119,16.7651807774782,17.8133014031809,15.1356921448858,13.8620383819969,13.602836642743,14.432940146642,14.482027075452,14.482027075452,14.482027075452
616,"POL","Poland",15.6173185100497,15.6173185100497,15.6173185100497,15.6173185100497,15.6173185100497,15.6173185100497,15.6173185100497,15.6173185100497,15.6173185100497,15.6173185100497,15.6173185100497,15.6173185100497,14.5133571136191,13.946255910533,13.7581116442803,14.1562290262767,13.4506718311167,13.5339017697884,14.0054025243789,13.6421670298593,14.7562540397828,13.5847821572873,12.1662829945677,10.372128603906,9.84598379696065,9.06336733628086,9.06336733628086,9.06336733628086
620,"PRT","Portugal",2.50301049996713,2.50301049996713,2.50301049996713,2.50301049996713,2.50301049996713,2.50301049996713,2.50301049996713,2.50301049996713,2.50301049996713,2.50301049996713,2.50301049996713,2.50301049996713,2.43581140151773,2.10325453253823,2.89653334626578,2.41878382269617,3.24476180517068,2.05625411288112,1.07234328458779,0.0688594103563531,0.0331767427492196,0,0,0,0,0,0,0
634,"QAT","Qatar",NA,NA,NA,NA,NA,NA,NA,NA,NA,NA,NA,NA,NA,NA,NA,NA,NA,NA,NA,NA,NA,NA,NA,NA,NA,NA,NA,NA
178,"COG","Republic of Congo",34.0028049194395,34.0028049194395,34.0028049194395,34.0028049194395,34.0028049194395,34.0028049194395,34.0028049194395,34.0028049194395,34.0028049194395,34.0028049194395,34.0028049194395,34.0028049194395,33.4607884573161,33.5440576222818,33.008660439587,30.8065227068793,30.3170490556463,30.0969186219193,27.6806640391471,25.04786802047,24.9100764067468,21.8732570298699,20.947343880358,20.7942511413822,20.8223242846724,20.3906946547184,20.3906946547184,20.3906946547184
642,"ROU","Romania",23.7236067184888,23.7236067184888,23.7236067184888,23.7236067184888,23.7236067184888,23.7236067184888,23.7236067184888,23.7236067184888,23.7236067184888,23.7236067184888,23.7236067184888,23.7236067184888,21.2238044056128,20.4305483350698,20.686352182458,20.8457942004053,20.4724819592904,21.1936325216646,21.6609758377899,21.3057330312338,22.0329528688442,21.3742786026228,22.6349105313822,21.9576037356981,22.7873899255887,20.9883010131993,20.9883010131993,20.9883010131993
643,"RUS","Russia",17.8699889987884,17.8699889987884,17.8699889987884,17.8699889987884,17.8699889987884,17.8699889987884,17.8699889987884,17.8699889987884,17.8699889987884,17.8699889987884,17.8699889987884,17.8699889987884,18.226400228998,18.2556287880433,19.4651520695769,19.2264483535734,18.5798096760886,16.2909161164085,15.0678719499558,13.7311428859826,13.4877194642357,12.4980380244928,12.5652211717055,12.2730796481819,12.6285618841256,11.2034104169557,11.2034104169557,11.2034104169557
646,"RWA","Rwanda",26.6812633296101,26.6812633296101,26.6812633296101,26.6812633296101,26.6812633296101,26.6812633296101,26.6812633296101,26.6812633296101,26.6812633296101,26.6812633296101,26.6812633296101,26.6812633296101,25.7157407173866,25.6473923463174,25.2173484750856,22.5882471213807,22.4261560447762,22.851852578814,20.6017647898296,18.6652290989405,18.7044750143718,16.8264950259343,15.2236102765204,13.9888214015393,14.2249534583145,13.6080252922847,13.6080252922847,13.6080252922847
652,"BLM","Saint Barthelemy",NA,NA,NA,NA,NA,NA,NA,NA,NA,NA,NA,NA,NA,NA,NA,NA,NA,NA,NA,NA,NA,NA,NA,NA,NA,NA,NA,NA
659,"KNA","Saint Kitts and Nevis",24.5755582960285,24.5755582960285,24.5755582960285,24.5755582960285,24.5755582960285,24.5755582960285,24.5755582960285,24.5755582960285,24.5755582960285,24.5755582960285,24.5755582960285,24.5755582960285,25.2762326371221,26.2267144259598,25.4592898531976,25.4592898531976,26.3268873216686,26.4280663224272,28.4481106294709,33.1036933975717,37.4819012963377,38.7807742020771,41.5563900018243,41.5563900018243,39.1334575883315,36.3315316406192,36.3315316406192,36.3315316406192
662,"LCA","Saint Lucia",31.5369667721794,31.5369667721794,31.5369667721794,31.5369667721794,31.5369667721794,31.5369667721794,31.5369667721794,31.5369667721794,31.5369667721794,31.5369667721794,31.5369667721794,31.5369667721794,29.9534806520634,28.6529716943829,28.1570231025412,26.7725861756403,27.8394558400955,27.2919044439747,27.9021734716788,28.3196414432741,31.9514980808093,29.9921153673351,29.3546643679792,29.427598542679,30.1875432189428,28.9278119456869,28.9278119456869,28.9278119456869
670,"VCT","Saint Vincent and the Grenadines",38.2390550906614,38.2390550906614,38.2390550906614,38.2390550906614,38.2390550906614,38.2390550906614,38.2390550906614,38.2390550906614,38.2390550906614,38.2390550906614,38.2390550906614,38.2390550906614,36.1800194789338,32.8310624994907,32.060006204877,28.662004254134,27.5486098361921,27.4437502102832,29.0215194278438,30.2528160790413,36.0566286742928,37.9389615136346,37.0888569787298,36.6892754515468,36.5595277176466,35.9347309489093,35.9347309489093,35.9347309489093
882,"WSM","Samoa",NA,NA,NA,NA,NA,NA,NA,NA,NA,NA,NA,NA,NA,NA,NA,NA,NA,NA,NA,NA,NA,NA,NA,NA,NA,NA,NA,NA
674,"SMR","San Marino",46.3392253010284,46.3392253010284,46.3392253010284,46.3392253010284,46.3392253010284,46.3392253010284,46.3392253010284,46.3392253010284,46.3392253010284,46.3392253010284,46.3392253010284,46.3392253010284,39.3809880609203,39.3809880609203,46.3392253010284,46.3392253010284,46.3392253010284,100,100,100,100,100,100,100,46.3392253010284,46.3392253010284,46.3392253010284,46.3392253010284
678,"STP","Sao Tome and Principe",NA,NA,NA,NA,NA,NA,NA,NA,NA,NA,NA,NA,NA,NA,NA,NA,NA,NA,NA,NA,NA,NA,NA,NA,NA,NA,NA,NA
682,"SAU","Saudi Arabia",100,100,100,100,100,100,100,100,100,100,100,100,100,100,100,100,100,100,100,100,100,100,100,100,100,100,100,100
686,"SEN","Senegal",32.9254850962087,32.9254850962087,32.9254850962087,32.9254850962087,32.9254850962087,32.9254850962087,32.9254850962087,32.9254850962087,32.9254850962087,32.9254850962087,32.9254850962087,32.9254850962087,32.6615394221883,29.489610975358,28.2220902766091,26.397345175581,25.5422841917962,26.1684249083989,21.12551696398,19.1724874173267,17.6540815308559,15.8594554205143,13.1298528139569,13.9690614393562,14.1519229084392,12.4695527562935,12.4695527562935,12.4695527562935
688,"SRB","Serbia",35.9644648028045,35.9644648028045,35.9644648028045,35.9644648028045,35.9644648028045,35.9644648028045,35.9644648028045,35.9644648028045,35.9644648028045,35.9644648028045,35.9644648028045,35.9644648028045,34.6558389013356,32.3251313488703,32.440034200719,31.6724877644809,31.413018021805,30.4630821049954,30.775816708867,29.4417699570115,29.2021555870687,27.7289185915695,27.6764044749738,27.0620819901855,27.2821159480331,26.1898132483726,26.1898132483726,26.1898132483726
690,"SYC","Seychelles",100,100,100,100,100,100,100,100,100,100,100,100,100,100,100,100,100,66.9468272916374,56.1350973859416,51.0409731093426,51.0409731093426,51.0409731093426,53.2694142096456,60.1552162810636,66.9468272916374,66.9468272916374,66.9468272916374,66.9468272916374
694,"SLE","Sierra Leone",22.6207309549079,22.6207309549079,22.6207309549079,22.6207309549079,22.6207309549079,22.6207309549079,22.6207309549079,22.6207309549079,22.6207309549079,22.6207309549079,22.6207309549079,22.6207309549079,21.6572965355109,20.1204339965544,17.3134531212535,17.1516081311774,16.663596729613,17.1338846873867,8.48334000871398,4.35356159880914,0,0,0,0,0,0,0,0
702,"SGP","Singapore",18.3978708466401,18.3978708466401,18.3978708466401,18.3978708466401,18.3978708466401,18.3978708466401,18.3978708466401,18.3978708466401,18.3978708466401,18.3978708466401,18.3978708466401,18.3978708466401,20.0773443860701,19.4975891428348,15.4375846347882,16.3998626355562,15.969065225309,15.532155154798,15.724001975833,15.2279921329434,12.8204346632216,11.3223689435467,8.79097004947049,5.902290643109,5.02809722338496,4.96965348637299,4.96965348637299,4.96965348637299
534,"SXM","Sint Maarten",23.7887984519729,23.7887984519729,23.7887984519729,23.7887984519729,23.7887984519729,23.7887984519729,23.7887984519729,23.7887984519729,23.7887984519729,23.7887984519729,23.7887984519729,23.7887984519729,19.7058930468359,19.7058930468359,18.4454120977728,21.1469519778621,20.4006769336102,26.0354361802745,24.8496177122606,28.9313637859438,28.9313637859438,35.9054179151257,26.0354361802745,30.7663273743889,30.7663273743889,30.7663273743889,30.7663273743889,30.7663273743889
703,"SVK","Slovakia",16.2783841126017,16.2783841126017,16.2783841126017,16.2783841126017,16.2783841126017,16.2783841126017,16.2783841126017,16.2783841126017,16.2783841126017,16.2783841126017,16.2783841126017,16.2783841126017,15.193103664652,13.513873045865,12.5128698852935,14.1644585842451,13.5839597316907,13.633746856153,15.0820725717799,13.9971633637082,16.1910526160339,15.1243593017977,14.2213018991494,12.2682455690331,13.3124162165014,12.3223781856963,12.3223781856963,12.3223781856963
705,"SVN","Slovenia",31.4838622316345,31.4838622316345,31.4838622316345,31.4838622316345,31.4838622316345,31.4838622316345,31.4838622316345,31.4838622316345,31.4838622316345,31.4838622316345,31.4838622316345,31.4838622316345,29.3061570357821,27.5771115135703,26.7959325388817,27.3871618515781,27.167509928964,28.6347553160789,30.3904604293323,26.0525503336264,26.4780735305176,22.9410694672911,20.3144624603708,16.6600141410872,17.4698425359415,16.2870061060293,16.2870061060293,16.2870061060293
90,"SLB","Solomon Islands",25.6209153581662,25.6209153581662,25.6209153581662,25.6209153581662,25.6209153581662,25.6209153581662,25.6209153581662,25.6209153581662,25.6209153581662,25.6209153581662,25.6209153581662,25.6209153581662,24.8085025200958,22.5636245350981,21.7338894730361,21.7758633460658,21.5244116177329,20.585015283306,20.2186109621098,17.5889199199095,15.9198789636716,13.9448473477515,12.4444697053925,11.4345762481883,11.4805763152433,11.5244659948374,11.5244659948374,11.5244659948374
706,"SOM","Somalia",25.1912608034145,25.1912608034145,25.1912608034145,25.1912608034145,25.1912608034145,25.1912608034145,25.1912608034145,25.1912608034145,25.1912608034145,25.1912608034145,25.1912608034145,25.1912608034145,24.9599624637352,23.8645610761815,23.4386257902316,25.1983534233204,24.6663285982041,24.8840282863231,23.4207677810042,24.2059031171328,24.7135500371889,25.2981780244863,24.3353200614456,28.163261361765,25.3773115260564,23.839730675208,23.839730675208,23.839730675208
710,"ZAF","South Africa",5.62812032036415,5.62812032036415,5.62812032036415,5.62812032036415,5.62812032036415,5.62812032036415,5.62812032036415,5.62812032036415,5.62812032036415,5.62812032036415,5.62812032036415,5.62812032036415,5.60728856455441,5.87387594719718,6.00611017021826,7.11952803721101,8.12335543586993,7.00873708328376,7.52623784532598,7.22494109915728,6.76932658368905,6.44860440396707,5.95162936935159,5.72765210790224,5.55388878793002,5.78691598050284,5.78691598050284,5.78691598050284
410,"KOR","South Korea",26.486200944601,26.486200944601,26.486200944601,26.486200944601,26.486200944601,26.486200944601,26.486200944601,26.486200944601,26.486200944601,26.486200944601,26.486200944601,26.486200944601,25.6403588996003,23.4215370936843,22.5133035160762,21.6212397283049,21.4037593690304,20.2702937390568,20.9283655137367,21.3754779202394,20.9157370361804,19.3921112822319,18.7654314392903,17.3721934581223,16.636330590542,16.3605935846283,16.3605935846283,16.3605935846283
728,"SSD","South Sudan",36.4322969883577,36.4322969883577,36.4322969883577,36.4322969883577,36.4322969883577,36.4322969883577,36.4322969883577,36.4322969883577,36.4322969883577,36.4322969883577,36.4322969883577,36.4322969883577,36.0721051342688,34.5450043938826,34.9526282814606,36.3418863976761,36.4476809576115,36.8878330504968,37.8650876615683,38.3903783796997,39.0232656525044,40.8410190536894,41.4913343756966,42.8603053911312,44.6615003832186,44.7414765571106,44.7414765571106,44.7414765571106
724,"ESP","Spain",15.9414148011022,15.9414148011022,15.9414148011022,15.9414148011022,15.9414148011022,15.9414148011022,15.9414148011022,15.9414148011022,15.9414148011022,15.9414148011022,15.9414148011022,15.9414148011022,15.0805073859945,14.3395476482504,14.345086631681,14.1222994896582,15.3066022763135,14.4757607786068,13.7270442038026,13.4237417642248,13.0502374440458,11.0679859884045,10.5596301890369,9.29784178068574,9.35476539769155,8.59155371084445,8.59155371084445,8.59155371084445
144,"LKA","Sri Lanka",28.188542988133,28.188542988133,28.188542988133,28.188542988133,28.188542988133,28.188542988133,28.188542988133,28.188542988133,28.188542988133,28.188542988133,28.188542988133,28.188542988133,25.7170371415188,24.6999539688137,22.5374678320749,21.9644641617596,20.5284100107774,19.7342886998022,19.4414548555983,19.6738207603463,19.6290959776891,19.1065150726841,19.326328183535,18.4706117788382,18.8199535953711,18.1974456677776,18.1974456677776,18.1974456677776
275,"PSE","State of Palestine",26.6296818074667,26.6296818074667,26.6296818074667,26.6296818074667,26.6296818074667,26.6296818074667,26.6296818074667,26.6296818074667,26.6296818074667,26.6296818074667,26.6296818074667,26.6296818074667,27.9738851525726,26.6296818074667,27.9738851525726,26.6296818074667,27.9738851525726,29.5254772932104,33.6055110770801,29.5254772932104,31.3603352280191,31.3603352280191,27.9738851525726,26.6296818074667,31.3603352280191,29.5254772932104,29.5254772932104,29.5254772932104
729,"SDN","Sudan",43.0564827998497,43.0564827998497,43.0564827998497,43.0564827998497,43.0564827998497,43.0564827998497,43.0564827998497,43.0564827998497,43.0564827998497,43.0564827998497,43.0564827998497,43.0564827998497,41.177102787964,40.1000130461253,37.992281024244,38.3377522932531,34.5700164177479,37.3604552097063,38.2956647414854,40.5626167328047,42.944815071222,53.6598002761896,49.0848682494682,48.6451902950283,46.1926292097712,43.563081080172,43.563081080172,43.563081080172
740,"SUR","Suriname",42.3604430471085,42.3604430471085,42.3604430471085,42.3604430471085,42.3604430471085,42.3604430471085,42.3604430471085,42.3604430471085,42.3604430471085,42.3604430471085,42.3604430471085,42.3604430471085,42.4048622364003,41.0493244355846,40.252543589948,38.9605690134364,38.1936155374127,34.0564742293357,33.4958824474955,32.0987444155,31.2665325862222,29.5970381026328,29.8006192498433,28.6373686768131,28.187207932156,27.8152185165307,27.8152185165307,27.8152185165307
752,"SWE","Sweden",10.0942173615849,10.0942173615849,10.0942173615849,10.0942173615849,10.0942173615849,10.0942173615849,10.0942173615849,10.0942173615849,10.0942173615849,10.0942173615849,10.0942173615849,10.0942173615849,10.0502702409724,8.27694420368172,8.80272027849915,8.67575723609899,9.05150125195475,8.60682407181544,9.44027190170674,9.12883991910155,9.55175098134258,8.62333576886708,7.83942813463142,7.14357324063222,6.50840993857449,5.69720962918332,5.69720962918332,5.69720962918332
756,"CHE","Switzerland",28.2492031526731,28.2492031526731,28.2492031526731,28.2492031526731,28.2492031526731,28.2492031526731,28.2492031526731,28.2492031526731,28.2492031526731,28.2492031526731,28.2492031526731,28.2492031526731,27.270700241279,25.5241169360474,26.8658910345343,27.4184067026567,27.527921374877,27.8607461526721,29.6605898577389,30.6384114359677,32.0194901745596,32.4220519450645,30.8960477740156,28.10346226382,26.1972037916954,23.7895554600409,23.7895554600409,23.7895554600409
760,"SYR","Syria",21.418371457906,21.418371457906,21.418371457906,21.418371457906,21.418371457906,21.418371457906,21.418371457906,21.418371457906,21.418371457906,21.418371457906,21.418371457906,21.418371457906,14.564637873029,12.3260947745382,12.2572098918421,13.9355637638381,14.3392908379847,5.59191308995247,4.81368202660273,3.66343428702679,1.20741553530119,0,2.73200103172546,3.18026256285148,2.92152078921178,2.15468367178788,2.15468367178788,2.15468367178788
158,"TWN","Taiwan",34.5763078773353,34.5763078773353,34.5763078773353,34.5763078773353,34.5763078773353,34.5763078773353,34.5763078773353,34.5763078773353,34.5763078773353,34.5763078773353,34.5763078773353,34.5763078773353,33.6623311080192,32.3264040769608,27.225809581588,26.6474760192161,27.0276582817202,27.1972625072595,28.0888804806566,34.8176982299556,37.0897769645028,34.263622137964,32.8510365763741,31.8207268054593,31.4448972013964,30.9318671860609,30.9318671860609,30.9318671860609
762,"TJK","Tajikistan",42.8181046353492,42.8181046353492,42.8181046353492,42.8181046353492,42.8181046353492,42.8181046353492,42.8181046353492,42.8181046353492,42.8181046353492,42.8181046353492,42.8181046353492,42.8181046353492,44.6192823128823,44.4492266295962,43.2578256820631,44.6192823128823,44.5338956432941,43.562011586046,46.396456335096,50.8201499327293,52.9309147269744,58.210729252004,80.0681382374676,88.6759433698189,100,88.6759433698189,88.6759433698189,88.6759433698189
834,"TZA","Tanzania",20.1557369937901,20.1557369937901,20.1557369937901,20.1557369937901,20.1557369937901,20.1557369937901,20.1557369937901,20.1557369937901,20.1557369937901,20.1557369937901,20.1557369937901,20.1557369937901,19.1864550413937,17.6688639940092,16.1347820632184,15.481367623775,14.7974914876261,14.2970865509012,13.9455304782164,13.3161756581672,13.5874827878996,13.3117913923892,12.7405579672257,12.8707840187992,13.5652187550675,12.6035756866133,12.6035756866133,12.6035756866133
764,"THA","Thailand",16.4782453993494,16.4782453993494,16.4782453993494,16.4782453993494,16.4782453993494,16.4782453993494,16.4782453993494,16.4782453993494,16.4782453993494,16.4782453993494,16.4782453993494,16.4782453993494,15.7092528078904,15.2254770844598,14.3562476784687,13.3601790212953,13.4592992975893,13.0175287367012,12.8799042944376,12.7322874457164,12.9416000981544,11.6009934576309,10.3778590686501,9.72168445155637,9.81873512305664,9.81742068452461,9.81742068452461,9.81742068452461
626,"TLS","Timor-Leste",22.3594362371144,22.3594362371144,22.3594362371144,22.3594362371144,22.3594362371144,22.3594362371144,22.3594362371144,22.3594362371144,22.3594362371144,22.3594362371144,22.3594362371144,22.3594362371144,22.4191400751453,22.2537769526447,21.6127810216568,22.3582691033862,24.2277309036114,23.7368810924347,24.1898660500465,25.075980131331,24.6378068594752,24.7481652735817,24.8807120344671,23.7208352143119,24.3464511473751,23.509297085424,23.509297085424,23.509297085424
768,"TGO","Togo",16.5118409509818,16.5118409509818,16.5118409509818,16.5118409509818,16.5118409509818,16.5118409509818,16.5118409509818,16.5118409509818,16.5118409509818,16.5118409509818,16.5118409509818,16.5118409509818,15.5269830571626,16.355310283448,13.5403697035289,14.9024531241482,15.4567424290654,16.5985744335752,14.9260359153194,18.0811344194715,17.5650933905982,15.6652448432426,12.6749852727557,11.1399845718003,10.475340249508,8.67995730017473,8.67995730017473,8.67995730017473
776,"TON","Tonga",NA,NA,NA,NA,NA,NA,NA,NA,NA,NA,NA,NA,NA,NA,NA,NA,NA,NA,NA,NA,NA,NA,NA,NA,NA,NA,NA,NA
780,"TTO","Trinidad and Tobago",20.4047413882648,20.4047413882648,20.4047413882648,20.4047413882648,20.4047413882648,20.4047413882648,20.4047413882648,20.4047413882648,20.4047413882648,20.4047413882648,20.4047413882648,20.4047413882648,19.6853906695113,18.7469445432982,17.7383801268175,14.9259285154723,16.6222767060082,17.1662874521283,17.9112334250275,17.6080843487919,22.7537160880642,20.5929018142099,20.5396255101675,20.1762759346504,22.0964982788534,21.6604753735122,21.6604753735122,21.6604753735122
788,"TUN","Tunisia",20.8237231065518,20.8237231065518,20.8237231065518,20.8237231065518,20.8237231065518,20.8237231065518,20.8237231065518,20.8237231065518,20.8237231065518,20.8237231065518,20.8237231065518,20.8237231065518,18.9528724573285,21.4543386064937,19.3953105080537,20.0797373866564,15.6419767757091,14.6133711586101,13.5527029179866,11.3399037631392,9.51098655788964,10.2457037165142,4.09284685712309,4.35289543639804,5.66613104305243,6.3177098021837,6.3177098021837,6.3177098021837
792,"TUR","Turkey",22.7239255656132,22.7239255656132,22.7239255656132,22.7239255656132,22.7239255656132,22.7239255656132,22.7239255656132,22.7239255656132,22.7239255656132,22.7239255656132,22.7239255656132,22.7239255656132,22.7448101800512,21.831586980014,21.900222875601,22.1622506934005,22.319018908345,22.0183472945093,22.2835066864546,22.509057318122,21.3747131527258,20.9308591117585,20.2188987254209,19.2378355363564,18.1319287348178,17.067035416035,17.067035416035,17.067035416035
795,"TKM","Turkmenistan",16.6857086696055,16.6857086696055,16.6857086696055,16.6857086696055,16.6857086696055,16.6857086696055,16.6857086696055,16.6857086696055,16.6857086696055,16.6857086696055,16.6857086696055,16.6857086696055,19.8656070159377,20.4294882595439,21.3104928096079,22.6633249172029,22.4034558636963,24.6984733550569,33.9205971453693,36.4195662362183,39.0571319514596,48.2522393137573,62.041680166143,66.0106423107798,100,100,100,100
796,"TCA","Turks and Caicos Islands",31.4645359785328,31.4645359785328,31.4645359785328,31.4645359785328,31.4645359785328,31.4645359785328,31.4645359785328,31.4645359785328,31.4645359785328,31.4645359785328,31.4645359785328,31.4645359785328,22.9867756417145,19.4338949945265,15.1527111745543,14.6325361901159,14.3000998599212,16.9392711312814,19.5433587806551,25.0417358621684,26.8015651316902,26.2513120898472,23.7927222096338,21.956889699289,23.0645299760607,22.0977254612875,22.0977254612875,22.0977254612875
798,"TUV","Tuvalu",NA,NA,NA,NA,NA,NA,NA,NA,NA,NA,NA,NA,NA,NA,NA,NA,NA,NA,NA,NA,NA,NA,NA,NA,NA,NA,NA,NA
800,"UGA","Uganda",23.385591876461,23.385591876461,23.385591876461,23.385591876461,23.385591876461,23.385591876461,23.385591876461,23.385591876461,23.385591876461,23.385591876461,23.385591876461,23.385591876461,21.1106315721573,19.2872766319388,18.9277831467445,18.6469480340919,16.5980667922658,16.9603008967569,16.2777469837204,14.6965504705838,13.8362281600247,13.6897214645055,10.6583731903601,9.58987305780717,9.3801826062204,8.82617880934134,8.82617880934134,8.82617880934134
804,"UKR","Ukraine",18.2962995574723,18.2962995574723,18.2962995574723,18.2962995574723,18.2962995574723,18.2962995574723,18.2962995574723,18.2962995574723,18.2962995574723,18.2962995574723,18.2962995574723,18.2962995574723,16.5360826918977,15.942081739716,15.9906325950675,15.3581104151859,14.6764071117362,14.9884691210379,15.5646353889645,15.5984493891809,15.7224661497962,13.962766174295,12.9691456052818,11.8936733661793,11.9464329181443,11.1151936793025,11.1151936793025,11.1151936793025
784,"ARE","United Arab Emirates",NA,NA,NA,NA,NA,NA,NA,NA,NA,NA,NA,NA,NA,NA,NA,NA,NA,NA,NA,NA,NA,NA,NA,NA,NA,NA,NA,NA
826,"GBR","United Kingdom",16.3609060231207,16.3609060231207,16.3609060231207,16.3609060231207,16.3609060231207,16.3609060231207,16.3609060231207,16.3609060231207,16.3609060231207,16.3609060231207,16.3609060231207,16.3609060231207,15.0032407799586,13.8550193979093,12.6149312940805,10.9908915118393,10.8828964061339,10.5536093794203,9.42299657523702,9.9133004458304,10.2171822448387,9.77508534635842,10.660035696017,10.8411044375869,10.994101167276,11.0800714045105,11.0800714045105,11.0800714045105
840,"USA","United States of America",9.0388261598309,9.0388261598309,9.0388261598309,9.0388261598309,9.0388261598309,9.0388261598309,9.0388261598309,9.0388261598309,9.0388261598309,9.0388261598309,9.0388261598309,9.0388261598309,8.71502459856127,8.26544139987217,9.22216924348575,9.70498581676702,10.6130917529345,11.0972154990658,11.5718676823858,11.3987251536627,11.2213248774751,10.5564236615394,10.1764887295472,9.8301002388536,9.48194116275084,9.76353640690679,9.76353640690679,9.76353640690679
858,"URY","Uruguay",9.34026248428665,9.34026248428665,9.34026248428665,9.34026248428665,9.34026248428665,9.34026248428665,9.34026248428665,9.34026248428665,9.34026248428665,9.34026248428665,9.34026248428665,9.34026248428665,7.41428053754753,5.96902425572891,5.54842029879036,5.36347536297495,4.70424107943093,3.82626040481489,4.17302691856321,3.60107865404485,3.59471127671354,3.90657723448722,4.69886708350535,4.63360650636585,5.69180339200939,6.1782928477114,6.1782928477114,6.1782928477114
860,"UZB","Uzbekistan",35.6011490718297,35.6011490718297,35.6011490718297,35.6011490718297,35.6011490718297,35.6011490718297,35.6011490718297,35.6011490718297,35.6011490718297,35.6011490718297,35.6011490718297,35.6011490718297,42.5448103902705,42.999168982866,40.9460309807889,40.5011198495068,41.3324153029969,40.7582577349127,41.2931031278973,41.8579443941094,43.3780124873266,45.1689156015371,49.145874215806,51.9940199357728,66.1579753906948,64.4577238323053,64.4577238323053,64.4577238323053
548,"VUT","Vanuatu",43.9503433467964,43.9503433467964,43.9503433467964,43.9503433467964,43.9503433467964,43.9503433467964,43.9503433467964,43.9503433467964,43.9503433467964,43.9503433467964,43.9503433467964,43.9503433467964,43.9234567880097,46.4854663583863,41.6389811591156,41.3593120966238,39.5059164018503,39.1361079524421,35.8770027473516,37.3683228462646,29.8814195451874,28.732091844812,28.384514677514,28.5058242935381,29.0828556698529,28.4046317739444,28.4046317739444,28.4046317739444
862,"VEN","Venezuela",25.496939740429,25.496939740429,25.496939740429,25.496939740429,25.496939740429,25.496939740429,25.496939740429,25.496939740429,25.496939740429,25.496939740429,25.496939740429,25.496939740429,24.9782315898492,24.2879542649655,23.3131761147555,23.2088668283869,23.4138003231412,23.5648538460494,24.643374780836,25.5056743871029,26.4143968888136,23.5875618347638,22.5114827850212,21.7578681395852,21.183876114854,20.1174885763574,20.1174885763574,20.1174885763574
704,"VNM","Viet Nam",15.9407477648048,15.9407477648048,15.9407477648048,15.9407477648048,15.9407477648048,15.9407477648048,15.9407477648048,15.9407477648048,15.9407477648048,15.9407477648048,15.9407477648048,15.9407477648048,15.1081977531666,13.5026387365884,12.1582468699776,10.823864117438,9.9509295129773,8.4337100005696,8.05748039514312,6.96453233098065,6.38024123522337,4.06210503791301,3.09129563961892,2.33148274786041,2.32322048797052,2.39446550843151,2.39446550843151,2.39446550843151
876,"WLF","Wallis and Futuna Islands",NA,NA,NA,NA,NA,NA,NA,NA,NA,NA,NA,NA,NA,NA,NA,NA,NA,NA,NA,NA,NA,NA,NA,NA,NA,NA,NA,NA
732,"ESH","Western Sahara",NA,NA,NA,NA,NA,NA,NA,NA,NA,NA,NA,NA,NA,NA,NA,NA,NA,NA,NA,NA,NA,NA,NA,NA,NA,NA,NA,NA
887,"YEM","Yemen",100,100,100,100,100,100,100,100,100,100,100,100,100,100,100,100,100,100,100,100,100,100,100,100,100,100,100,100
894,"ZMB","Zambia",25.2500148178062,25.2500148178062,25.2500148178062,25.2500148178062,25.2500148178062,25.2500148178062,25.2500148178062,25.2500148178062,25.2500148178062,25.2500148178062,25.2500148178062,25.2500148178062,24.815420829723,23.5029145680656,20.6208911847424,18.2061755089192,17.8947784851594,16.5712822389928,16.1940448590961,15.9012282396685,17.0269677356694,15.1741353864678,13.9246703800896,12.8609640101975,12.6749727074159,11.5095909326513,11.5095909326513,11.5095909326513
716,"ZWE","Zimbabwe",14.0674752823965,14.0674752823965,14.0674752823965,14.0674752823965,14.0674752823965,14.0674752823965,14.0674752823965,14.0674752823965,14.0674752823965,14.0674752823965,14.0674752823965,14.0674752823965,13.6054676996947,13.8172663503007,11.7717483329936,12.6179510212599,13.515211874562,13.0345246260047,12.6200061267335,14.8684249447142,14.1777888366515,13.8002609277658,11.9260718463939,12.2280333818655,11.9620232165493,12.799316818211,12.799316818211,12.799316818211
